-- phpMyAdmin SQL Dump
-- version 3.4.10.1deb1
-- http://www.phpmyadmin.net
--
-- Host: localhost
-- Generation Time: Oct 04, 2014 at 09:21 PM
-- Server version: 5.5.38
-- PHP Version: 5.3.10-1ubuntu3.14

SET SQL_MODE="NO_AUTO_VALUE_ON_ZERO";
SET time_zone = "+00:00";


/*!40101 SET @OLD_CHARACTER_SET_CLIENT=@@CHARACTER_SET_CLIENT */;
/*!40101 SET @OLD_CHARACTER_SET_RESULTS=@@CHARACTER_SET_RESULTS */;
/*!40101 SET @OLD_COLLATION_CONNECTION=@@COLLATION_CONNECTION */;
/*!40101 SET NAMES utf8 */;

--
-- Database: `grid_space`
--

-- --------------------------------------------------------

--
-- Table structure for table `django_site`
--

CREATE TABLE IF NOT EXISTS `django_site` (
  `id` int(11) NOT NULL AUTO_INCREMENT,
  `domain` varchar(100) NOT NULL,
  `name` varchar(50) NOT NULL,
  PRIMARY KEY (`id`)
) ENGINE=InnoDB  DEFAULT CHARSET=utf8 AUTO_INCREMENT=2 ;

--
-- Dumping data for table `django_site`
--

INSERT INTO `django_site` (`id`, `domain`, `name`) VALUES
(1, 'linkinulife.com', 'Linkinu');

-- --------------------------------------------------------

--
-- Table structure for table `grid_space_configversion`
--

CREATE TABLE IF NOT EXISTS `grid_space_configversion` (
  `version` varchar(36) NOT NULL,
  `description` varchar(255) NOT NULL,
  PRIMARY KEY (`version`)
) ENGINE=InnoDB DEFAULT CHARSET=utf8;

--
-- Dumping data for table `grid_space_configversion`
--

INSERT INTO `grid_space_configversion` (`version`, `description`) VALUES
('Config_00', 'Devopment configuration'),
('Config_01', 'Devopment configuration'),
('Config_02', 'Devopment configuration');

-- --------------------------------------------------------

--
-- Table structure for table `grid_space_gridenvironment`
--

CREATE TABLE IF NOT EXISTS `grid_space_gridenvironment` (
  `id` int(11) NOT NULL AUTO_INCREMENT,
  `section` varchar(32) NOT NULL,
  `entry` varchar(64) NOT NULL,
  `value` varchar(255) NOT NULL,
  PRIMARY KEY (`id`)
) ENGINE=InnoDB  DEFAULT CHARSET=utf8 AUTO_INCREMENT=39 ;

--
-- Dumping data for table `grid_space_gridenvironment`
--

INSERT INTO `grid_space_gridenvironment` (`id`, `section`, `entry`, `value`) VALUES
(20, 'Environment', 'OfflineMessageURL', 'http://linkinulife.com/opensim/offline.php'),
(21, 'Environment', 'MuteListURL', 'http://linkinulife.com/opensim/offline.php'),
(22, 'Environment', 'Gatekeeper', 'http://linkinulife.com:8002'),
(23, 'Environment', 'broker', 'http://broker.place.com/{1}'),
(24, 'Environment', 'GroupsServerURI', 'http://linkinulife.com/XmlRpcGroupsServer/xmlrpc.php'),
(25, 'Environment', 'MaptileURL', 'http://www.mygrid.com/Grid/'),
(26, 'Environment', 'AssetServerURI', 'http://linkinulife.com:8003'),
(27, 'Environment', 'GridServerURI', 'http://linkinulife.com:8003'),
(28, 'Environment', 'InventoryServerURI', 'http://linkinulife.com:8003'),
(29, 'Environment', 'MapImageServerURI', 'http://linkinulife.com:8003'),
(30, 'Environment', 'GridInfoURI', 'http://linkinulife.com:8002'),
(31, 'Environment', 'AvatarServerURI', 'http://linkinulife.com:8003'),
(32, 'Environment', 'PresenceServerURI', 'http://linkinulife.com:8003'),
(33, 'Environment', 'UserAccountServerURI', 'http://linkinulife.com:8003'),
(34, 'Environment', 'GridUserServerURI', 'http://linkinulife.com:8003'),
(35, 'Environment', 'AuthenticationServerURI', 'http://linkinulife.com:8003'),
(36, 'Environment', 'FriendsServerURI', 'http://linkinulife.com:8003'),
(37, 'Environment', 'HomeURI', 'http://linkinulife.com:8002'),
(38, 'Environment', 'UserAgentServerURI', 'http://linkinulife.com:8002');

-- --------------------------------------------------------

--
-- Table structure for table `grid_space_host`
--

CREATE TABLE IF NOT EXISTS `grid_space_host` (
  `host_key` varchar(36) NOT NULL,
  `host_name` varchar(255) NOT NULL,
  `host_ip` char(15) NOT NULL,
  `host_allowed` tinyint(1) NOT NULL,
  `host_status` tinyint(1) NOT NULL,
  PRIMARY KEY (`host_key`),
  UNIQUE KEY `host_name` (`host_name`),
  UNIQUE KEY `host_ip` (`host_ip`)
) ENGINE=InnoDB DEFAULT CHARSET=utf8;

--
-- Dumping data for table `grid_space_host`
--

INSERT INTO `grid_space_host` (`host_key`, `host_name`, `host_ip`, `host_allowed`, `host_status`) VALUES
('56131d5a-030c-4729-b04e-ba5ccc792d50', 'SP0001', '5.9.107.18', 1, 1);

-- --------------------------------------------------------

--
-- Table structure for table `grid_space_mainconfig`
--

CREATE TABLE IF NOT EXISTS `grid_space_mainconfig` (
  `id` int(11) NOT NULL AUTO_INCREMENT,
  `version_id` varchar(36) NOT NULL,
  `section` varchar(32) NOT NULL,
  `entry` varchar(64) NOT NULL,
  `value` varchar(255) NOT NULL,
  PRIMARY KEY (`id`),
  KEY `grid_space_mainconfig_f516c2b3` (`version_id`)
) ENGINE=InnoDB  DEFAULT CHARSET=utf8 AUTO_INCREMENT=3745 ;

--
-- Dumping data for table `grid_space_mainconfig`
--

INSERT INTO `grid_space_mainconfig` (`id`, `version_id`, `section`, `entry`, `value`) VALUES
(2340, 'Config_00', 'Environment', 'DB_PASSWORD', ''),
(2341, 'Config_00', 'Environment', 'DB_USER', ''),
(2342, 'Config_00', 'Environment', 'DB_HOST', ''),
(2343, 'Config_00', 'Environment', 'ZONE', ''),
(2344, 'Config_00', 'Environment', 'HOSTNAME', ''),
(2345, 'Config_00', 'Environment', 'ESTATE_DATASOURCE', ''),
(2346, 'Config_00', 'Environment', 'ESTATE_DATABASE', ''),
(2347, 'Config_00', 'Environment', 'ESTATE_DATA_USER', ''),
(2348, 'Config_00', 'Environment', 'ESTATE_DATA_PASSWORD', ''),
(2349, 'Config_00', 'Environment', 'ESTATE_DATA_PORT', ''),
(2350, 'Config_00', 'Environment', 'MuteListURL', ''),
(2351, 'Config_00', 'Environment', 'MaptileURL', ''),
(2352, 'Config_00', 'Environment', 'Gatekeeper', ''),
(2353, 'Config_00', 'Environment', 'GridServerURI', ''),
(2354, 'Config_00', 'Environment', 'MapImageServerURI', ''),
(2355, 'Config_00', 'Environment', 'HomeURI', ''),
(2356, 'Config_00', 'Environment', 'UserAccountServerURI', ''),
(2357, 'Config_00', 'Environment', 'AvatarServerURI', ''),
(2358, 'Config_00', 'Environment', 'AuthenticationServerURI', ''),
(2359, 'Config_00', 'Environment', 'UserAgentServerURI', ''),
(2360, 'Config_00', 'Environment', 'PresenceServerURI', ''),
(2361, 'Config_00', 'Environment', 'InventoryServerURI', ''),
(2362, 'Config_00', 'Environment', 'FriendsServerURI', ''),
(2363, 'Config_00', 'Environment', 'GridInfoURI', ''),
(2364, 'Config_00', 'Environment', 'GridUserServerURI', ''),
(2365, 'Config_00', 'Environment', 'OfflineMessageURL', ''),
(2366, 'Config_00', 'Environment', 'GroupsServerURI', ''),
(2367, 'Config_00', 'Environment', 'AssetServerURI', ''),
(2368, 'Config_00', 'Startup', 'PIDFile', '/var/run/opensim/${Environment|ZONE}.pid'),
(2369, 'Config_00', 'Startup', 'region_info_source', 'filesystem'),
(2370, 'Config_00', 'Startup', 'physics', 'BulletSim'),
(2371, 'Config_00', 'Startup', 'meshing', 'Meshmerizer'),
(2372, 'Config_00', 'Startup', 'physical_prim', 'true'),
(2373, 'Config_00', 'Startup', 'serverside_object_permissions', 'True'),
(2374, 'Config_00', 'Startup', 'storage_plugin', 'OpenSim.Data.SQLite.dll'),
(2375, 'Config_00', 'Startup', 'storage_connection_string', 'URI=file:OpenSim.db,version=3'),
(2376, 'Config_00', 'Startup', 'storage_prim_inventories', 'True'),
(2377, 'Config_00', 'Startup', 'startup_console_commands_file', 'startup_commands.txt'),
(2378, 'Config_00', 'Startup', 'shutdown_console_commands_file', 'shutdown_commands.txt'),
(2379, 'Config_00', 'Startup', 'DefaultScriptEngine', 'XEngine'),
(2380, 'Config_00', 'Startup', 'clientstack_plugin', 'OpenSim.Region.ClientStack.LindenUDP.dll'),
(2381, 'Config_00', 'Startup', 'EventQueue', 'True'),
(2382, 'Config_00', 'Startup', 'ConsolePrompt', 'Region (\\R)'),
(2383, 'Config_00', 'Startup', 'save_crashes', 'false'),
(2384, 'Config_00', 'Startup', 'crash_dir', 'crashes'),
(2385, 'Config_00', 'Startup', 'async_call_method', 'SmartThreadPool'),
(2386, 'Config_00', 'Startup', 'MaxPoolThreads', '15'),
(2387, 'Config_00', 'Startup', 'allow_regionless', 'false'),
(2388, 'Config_00', 'Startup', 'see_into_region', 'true'),
(2389, 'Config_00', 'Startup', 'MaxPrimUndos', '20'),
(2390, 'Config_00', 'Startup', 'NonPhysicalPrimMax', '256'),
(2391, 'Config_00', 'Startup', 'PhysicalPrimMax', '10'),
(2392, 'Config_00', 'Startup', 'ClampPrimSize', 'false'),
(2393, 'Config_00', 'Startup', 'LinksetPrims', '0'),
(2394, 'Config_00', 'Startup', 'AllowScriptCrossing', 'true'),
(2395, 'Config_00', 'Startup', 'TrustBinaries', 'true'),
(2396, 'Config_00', 'Startup', 'CombineContiguousRegions', 'false'),
(2397, 'Config_00', 'Startup', 'DefaultDrawDistance', '255.0'),
(2398, 'Config_00', 'Startup', 'InworldRestartShutsDown', 'false'),
(2399, 'Config_00', 'Startup', 'MinFrameTime', '0.089'),
(2400, 'Config_00', 'Startup', 'UpdateObjectsEveryNFrames', '1'),
(2401, 'Config_00', 'Startup', 'UpdateAgentsEveryNFrames', '1'),
(2402, 'Config_00', 'Startup', 'UpdateEntityMovementEveryNFrames', '1'),
(2403, 'Config_00', 'Startup', 'UpdateCoarseLocationsEveryNFrames', '50'),
(2404, 'Config_00', 'Startup', 'UpdatePhysicsEveryNFrames', '1'),
(2405, 'Config_00', 'Startup', 'UpdateTempCleaningEveryNFrames', '1000'),
(2406, 'Config_00', 'Startup', 'UpdateEventsEveryNFrames', '1'),
(2407, 'Config_00', 'Startup', 'UpdateTerrainEveryNFrames', '50'),
(2408, 'Config_00', 'Startup', 'UpdateStorageEveryNFrames', '200'),
(2409, 'Config_00', 'Startup', 'MinimumTimeBeforePersistenceConsidered', '60'),
(2410, 'Config_00', 'Startup', 'MaximumTimeBeforePersistenceConsidered', '600'),
(2411, 'Config_00', 'Startup', 'collidable_prim', 'true'),
(2412, 'Config_00', 'Startup', 'enableflyslow', 'false'),
(2413, 'Config_00', 'Startup', 'UseTrashOnDelete', 'True'),
(2414, 'Config_00', 'Startup', 'SpawnPointRouting', 'sequence'),
(2415, 'Config_00', 'Startup', 'WorldMapModule', 'HGWorldMap'),
(2416, 'Config_00', 'Startup', 'DecodedSculptMapPath', '/var/cache/opensim/${Environment|ZONE}/j2kDecodeCache'),
(2417, 'Config_00', 'Network', 'http_listener_port', '9000'),
(2418, 'Config_00', 'Network', 'ConsoleUser', 'Test'),
(2419, 'Config_00', 'Network', 'ConsolePass', 'secret'),
(2420, 'Config_00', 'Network', 'console_port', '0'),
(2421, 'Config_00', 'Network', 'http_listener_ssl', 'false'),
(2422, 'Config_00', 'Network', 'http_listener_cn', 'localhost'),
(2423, 'Config_00', 'Network', 'http_listener_sslport', '9001'),
(2424, 'Config_00', 'Network', 'http_listener_ssl_cert', ''),
(2425, 'Config_00', 'Network', 'shard', 'LinkinU'),
(2426, 'Config_00', 'Network', 'ExternalHostNameForLSL', '${Environment|HOSTNAME}'),
(2427, 'Config_00', 'Map', 'DrawPrimOnMapTile', 'true'),
(2428, 'Config_00', 'Map', 'TextureOnMapTile', 'true'),
(2429, 'Config_00', 'Map', 'MapImageModule', 'Warp3DImageModule'),
(2430, 'Config_00', 'Map', 'MaptileRefresh', '0'),
(2431, 'Config_00', 'Permissions', 'serverside_object_permissions', 'true'),
(2432, 'Config_00', 'Permissions', 'allow_grid_gods', 'true'),
(2433, 'Config_00', 'Permissions', 'permissionmodules', 'DefaultPermissionsModule,PrimLimitsModule'),
(2434, 'Config_00', 'Permissions', 'region_owner_is_god', 'false'),
(2435, 'Config_00', 'Permissions', 'region_manager_is_god', 'false'),
(2436, 'Config_00', 'Permissions', 'parcel_owner_is_god', 'false'),
(2437, 'Config_00', 'Permissions', 'simple_build_permissions', 'false'),
(2438, 'Config_00', 'RegionReady', 'enabled', 'true'),
(2439, 'Config_00', 'RegionReady', 'channel_notify', '-800'),
(2440, 'Config_00', 'RegionReady', 'login_disable', 'true'),
(2441, 'Config_00', 'EstateManagement', 'AllowRegionRestartFromClient', 'true'),
(2442, 'Config_00', 'UserProfiles', 'ProfileServiceURL', 'http://linkinulife.com:8002'),
(2443, 'Config_00', 'SMTP', 'enabled', 'false'),
(2444, 'Config_00', 'ClientStack.LindenUDP', 'enable_adaptive_throttles', 'true'),
(2445, 'Config_00', 'ClientStack.LindenCaps', 'Cap_AttachmentResources', ''),
(2446, 'Config_00', 'ClientStack.LindenCaps', 'Cap_ChatSessionRequest', ''),
(2447, 'Config_00', 'ClientStack.LindenCaps', 'Cap_CopyInventoryFromNotecard', 'localhost'),
(2448, 'Config_00', 'ClientStack.LindenCaps', 'Cap_DispatchRegionInfo', ''),
(2449, 'Config_00', 'ClientStack.LindenCaps', 'Cap_EstateChangeInfo', ''),
(2450, 'Config_00', 'ClientStack.LindenCaps', 'Cap_EnvironmentSettings', 'localhost'),
(2451, 'Config_00', 'ClientStack.LindenCaps', 'Cap_EventQueueGet', 'localhost'),
(2452, 'Config_00', 'ClientStack.LindenCaps', 'Cap_FetchInventory', ''),
(2453, 'Config_00', 'ClientStack.LindenCaps', 'Cap_ObjectMedia', 'localhost'),
(2454, 'Config_00', 'ClientStack.LindenCaps', 'Cap_ObjectMediaNavigate', 'localhost'),
(2455, 'Config_00', 'ClientStack.LindenCaps', 'Cap_FetchLib', ''),
(2456, 'Config_00', 'ClientStack.LindenCaps', 'Cap_FetchLibDescendents', ''),
(2457, 'Config_00', 'ClientStack.LindenCaps', 'Cap_GetDisplayNames', ''),
(2458, 'Config_00', 'ClientStack.LindenCaps', 'Cap_GetTexture', 'localhost'),
(2459, 'Config_00', 'ClientStack.LindenCaps', 'Cap_GetMesh', 'localhost'),
(2460, 'Config_00', 'ClientStack.LindenCaps', 'Cap_GetObjectCost', ''),
(2461, 'Config_00', 'ClientStack.LindenCaps', 'Cap_GetObjectPhysicsData', ''),
(2462, 'Config_00', 'ClientStack.LindenCaps', 'Cap_GroupProposalBallot', ''),
(2463, 'Config_00', 'ClientStack.LindenCaps', 'Cap_HomeLocation', ''),
(2464, 'Config_00', 'ClientStack.LindenCaps', 'Cap_LandResources', ''),
(2465, 'Config_00', 'ClientStack.LindenCaps', 'Cap_MapLayer', 'localhost'),
(2466, 'Config_00', 'ClientStack.LindenCaps', 'Cap_MapLayerGod', 'localhost'),
(2467, 'Config_00', 'ClientStack.LindenCaps', 'Cap_NewFileAgentInventory', 'localhost'),
(2468, 'Config_00', 'ClientStack.LindenCaps', 'Cap_NewFileAgentInventoryVariablePrice', 'localhost'),
(2469, 'Config_00', 'ClientStack.LindenCaps', 'Cap_ObjectAdd', 'localhost'),
(2470, 'Config_00', 'ClientStack.LindenCaps', 'Cap_ParcelPropertiesUpdate', 'localhost'),
(2471, 'Config_00', 'ClientStack.LindenCaps', 'Cap_ParcelMediaURLFilterList', ''),
(2472, 'Config_00', 'ClientStack.LindenCaps', 'Cap_ParcelNavigateMedia', ''),
(2473, 'Config_00', 'ClientStack.LindenCaps', 'Cap_ParcelVoiceInfoRequest', ''),
(2474, 'Config_00', 'ClientStack.LindenCaps', 'Cap_ProductInfoRequest', ''),
(2475, 'Config_00', 'ClientStack.LindenCaps', 'Cap_ProvisionVoiceAccountRequest', ''),
(2476, 'Config_00', 'ClientStack.LindenCaps', 'Cap_RemoteParcelRequest', 'localhost'),
(2477, 'Config_00', 'ClientStack.LindenCaps', 'Cap_RequestTextureDownload', ''),
(2478, 'Config_00', 'ClientStack.LindenCaps', 'Cap_SearchStatRequest', ''),
(2479, 'Config_00', 'ClientStack.LindenCaps', 'Cap_SearchStatTracking', ''),
(2480, 'Config_00', 'ClientStack.LindenCaps', 'Cap_SendPostcard', ''),
(2481, 'Config_00', 'ClientStack.LindenCaps', 'Cap_SendUserReport', ''),
(2482, 'Config_00', 'ClientStack.LindenCaps', 'Cap_SendUserReportWithScreenshot', ''),
(2483, 'Config_00', 'ClientStack.LindenCaps', 'Cap_ServerReleaseNotes', ''),
(2484, 'Config_00', 'ClientStack.LindenCaps', 'Cap_SimConsole', ''),
(2485, 'Config_00', 'ClientStack.LindenCaps', 'Cap_SimulatorFeatures', ''),
(2486, 'Config_00', 'ClientStack.LindenCaps', 'Cap_SetDisplayName', ''),
(2487, 'Config_00', 'ClientStack.LindenCaps', 'Cap_StartGroupProposal', ''),
(2488, 'Config_00', 'ClientStack.LindenCaps', 'Cap_TextureStats', ''),
(2489, 'Config_00', 'ClientStack.LindenCaps', 'Cap_UntrustedSimulatorMessage', ''),
(2490, 'Config_00', 'ClientStack.LindenCaps', 'Cap_UpdateAgentInformation', ''),
(2491, 'Config_00', 'ClientStack.LindenCaps', 'Cap_UpdateAgentLanguage', ''),
(2492, 'Config_00', 'ClientStack.LindenCaps', 'Cap_UpdateGestureAgentInventory', ''),
(2493, 'Config_00', 'ClientStack.LindenCaps', 'Cap_UpdateNotecardAgentInventory', 'localhost'),
(2494, 'Config_00', 'ClientStack.LindenCaps', 'Cap_UpdateScriptAgent', 'localhost'),
(2495, 'Config_00', 'ClientStack.LindenCaps', 'Cap_UpdateGestureTaskInventory', ''),
(2496, 'Config_00', 'ClientStack.LindenCaps', 'Cap_UpdateNotecardTaskInventory', 'localhost'),
(2497, 'Config_00', 'ClientStack.LindenCaps', 'Cap_UpdateScriptTask', 'localhost'),
(2498, 'Config_00', 'ClientStack.LindenCaps', 'Cap_UploadBakedTexture', 'localhost'),
(2499, 'Config_00', 'ClientStack.LindenCaps', 'Cap_UploadObjectAsset', 'localhost'),
(2500, 'Config_00', 'ClientStack.LindenCaps', 'Cap_ViewerStartAuction', ''),
(2501, 'Config_00', 'ClientStack.LindenCaps', 'Cap_ViewerStats', ''),
(2502, 'Config_00', 'ClientStack.LindenCaps', 'Cap_WebFetchInventoryDescendents', ''),
(2503, 'Config_00', 'ClientStack.LindenCaps', 'Cap_FetchInventoryDescendents2', 'localhost'),
(2504, 'Config_00', 'ClientStack.LindenCaps', 'Cap_FetchInventory2', 'localhost'),
(2505, 'Config_00', 'ClientStack.LindenCaps', 'Cap_AvatarPickerSearch', 'localhost'),
(2506, 'Config_00', 'Chat', 'enabled', 'true'),
(2507, 'Config_00', 'Chat', 'whisper_distance', '10'),
(2508, 'Config_00', 'Chat', 'say_distance', '20'),
(2509, 'Config_00', 'Chat', 'shout_distance', '100'),
(2510, 'Config_00', 'EntityTransfer', 'max_distance', '4095'),
(2511, 'Config_00', 'EntityTransfer', 'LevelHGTeleport', '0'),
(2512, 'Config_00', 'EntityTransfer', 'DisableInterRegionTeleportCancellation', 'false'),
(2513, 'Config_00', 'Messaging', 'InstantMessageModule', 'InstantMessageModule'),
(2514, 'Config_00', 'Messaging', 'OfflineMessageModule', 'Offline Message Module V2'),
(2515, 'Config_00', 'Messaging', 'OfflineMessageURL', '${Environment|OfflineMessageURL}'),
(2516, 'Config_00', 'Messaging', 'MuteListModule', 'MuteListModule'),
(2517, 'Config_00', 'Messaging', 'MuteListURL', '${Environment|MuteListURL}'),
(2518, 'Config_00', 'Messaging', 'ForwardOfflineGroupMessages', 'true'),
(2519, 'Config_00', 'Messaging', 'MessageTransferModule', 'HGMessageTransferModule'),
(2520, 'Config_00', 'Messaging', 'LureModule', 'HGLureModule'),
(2521, 'Config_00', 'Messaging', 'Gatekeeper', '${Environment|Gatekeeper}'),
(2522, 'Config_00', 'Inventory', 'CoalesceMultipleObjectsToInventory', 'true'),
(2523, 'Config_00', 'Appearance', 'PersistBakedTextures', 'false'),
(2524, 'Config_00', 'Appearance', 'DelayBeforeAppearanceSave', '5'),
(2525, 'Config_00', 'Appearance', 'DelayBeforeAppearanceSend', '2'),
(2526, 'Config_00', 'Appearance', 'ResendAppearanceUpdates', 'true'),
(2527, 'Config_00', 'Appearance', 'ReuseTextures', 'false'),
(2528, 'Config_00', 'Attachments', 'Enabled', 'true'),
(2529, 'Config_00', 'Attachments', 'ThrottlePer100PrimsRezzed', '0'),
(2530, 'Config_00', 'Mesh', 'AllowMeshUpload', 'true'),
(2531, 'Config_00', 'Mesh', 'UseMeshiesPhysicsMesh', 'true'),
(2532, 'Config_00', 'Textures', 'ReuseDynamicTextures', 'false'),
(2533, 'Config_00', 'Textures', 'ReuseDynamicLowDataTextures', 'false'),
(2534, 'Config_00', 'ODEPhysicsSettings', 'collect_stats', 'false'),
(2535, 'Config_00', 'ODEPhysicsSettings', 'world_gravityx', '0'),
(2536, 'Config_00', 'ODEPhysicsSettings', 'world_gravityy', '0'),
(2537, 'Config_00', 'ODEPhysicsSettings', 'world_gravityz', '-9.8'),
(2538, 'Config_00', 'ODEPhysicsSettings', 'avatar_terminal_velocity', '54'),
(2539, 'Config_00', 'ODEPhysicsSettings', 'world_stepsize', '0.0178'),
(2540, 'Config_00', 'ODEPhysicsSettings', 'world_internal_steps_without_collisions', '10'),
(2541, 'Config_00', 'ODEPhysicsSettings', 'world_hashspace_size_low', '-4'),
(2542, 'Config_00', 'ODEPhysicsSettings', 'world_hashSpace_size_high', '128'),
(2543, 'Config_00', 'ODEPhysicsSettings', 'meters_in_small_space', '29.9'),
(2544, 'Config_00', 'ODEPhysicsSettings', 'small_hashspace_size_low', '-4'),
(2545, 'Config_00', 'ODEPhysicsSettings', 'small_hashspace_size_high', '66'),
(2546, 'Config_00', 'ODEPhysicsSettings', 'world_contact_surface_layer', '0.001'),
(2547, 'Config_00', 'ODEPhysicsSettings', 'filter_collisions', 'false'),
(2548, 'Config_00', 'ODEPhysicsSettings', 'nm_terraincontact_friction', '255.0'),
(2549, 'Config_00', 'ODEPhysicsSettings', 'nm_terraincontact_bounce', '0.1'),
(2550, 'Config_00', 'ODEPhysicsSettings', 'nm_terraincontact_erp', '0.1025'),
(2551, 'Config_00', 'ODEPhysicsSettings', 'm_terraincontact_friction', '75.0'),
(2552, 'Config_00', 'ODEPhysicsSettings', 'm_terraincontact_bounce', '0.05'),
(2553, 'Config_00', 'ODEPhysicsSettings', 'm_terrainContact_erp', '0.05025'),
(2554, 'Config_00', 'ODEPhysicsSettings', 'm_avatarobjectcontact_friction', '75.0'),
(2555, 'Config_00', 'ODEPhysicsSettings', 'm_avatarobjectcontact_bounce', '0.1'),
(2556, 'Config_00', 'ODEPhysicsSettings', 'objectcontact_friction', '250.0'),
(2557, 'Config_00', 'ODEPhysicsSettings', 'objectcontact_bounce', '0.2'),
(2558, 'Config_00', 'ODEPhysicsSettings', 'av_pid_derivative_linux', '2200.0'),
(2559, 'Config_00', 'ODEPhysicsSettings', 'av_pid_proportional_linux', '900.0'),
(2560, 'Config_00', 'ODEPhysicsSettings', 'av_pid_derivative_win', '2200.0'),
(2561, 'Config_00', 'ODEPhysicsSettings', 'av_pid_proportional_win', '900.0'),
(2562, 'Config_00', 'ODEPhysicsSettings', 'av_capsule_radius', '0.37'),
(2563, 'Config_00', 'ODEPhysicsSettings', 'av_capsule_standup_tensor_win', '550000'),
(2564, 'Config_00', 'ODEPhysicsSettings', 'av_capsule_standup_tensor_linux', '550000'),
(2565, 'Config_00', 'ODEPhysicsSettings', 'av_capsule_tilted', 'false'),
(2566, 'Config_00', 'ODEPhysicsSettings', 'av_density', '80'),
(2567, 'Config_00', 'ODEPhysicsSettings', 'av_movement_divisor_walk', '1.3'),
(2568, 'Config_00', 'ODEPhysicsSettings', 'av_movement_divisor_run', '0.8'),
(2569, 'Config_00', 'ODEPhysicsSettings', 'minimum_ground_flight_offset', '3.0'),
(2570, 'Config_00', 'ODEPhysicsSettings', 'av_planted', 'false'),
(2571, 'Config_00', 'ODEPhysicsSettings', 'av_av_collisions_off', 'false'),
(2572, 'Config_00', 'ODEPhysicsSettings', 'geometry_default_density', '10.000006836'),
(2573, 'Config_00', 'ODEPhysicsSettings', 'body_frames_auto_disable', '20'),
(2574, 'Config_00', 'ODEPhysicsSettings', 'body_pid_derivative', '35'),
(2575, 'Config_00', 'ODEPhysicsSettings', 'body_pid_gain', '25'),
(2576, 'Config_00', 'ODEPhysicsSettings', 'contacts_per_collision', '80'),
(2577, 'Config_00', 'ODEPhysicsSettings', 'geom_crossing_failures_before_outofbounds', '5'),
(2578, 'Config_00', 'ODEPhysicsSettings', 'geom_contactpoints_start_throttling', '3'),
(2579, 'Config_00', 'ODEPhysicsSettings', 'geom_updates_before_throttled_update', '15'),
(2580, 'Config_00', 'ODEPhysicsSettings', 'body_motor_joint_maxforce_tensor_linux', '5'),
(2581, 'Config_00', 'ODEPhysicsSettings', 'body_motor_joint_maxforce_tensor_win', '5'),
(2582, 'Config_00', 'ODEPhysicsSettings', 'maximum_mass_object', '10000.01'),
(2583, 'Config_00', 'ODEPhysicsSettings', 'mesh_sculpted_prim', 'true'),
(2584, 'Config_00', 'ODEPhysicsSettings', 'mesh_lod', '32'),
(2585, 'Config_00', 'ODEPhysicsSettings', 'mesh_physical_lod', '16'),
(2586, 'Config_00', 'BulletSim', 'BulletEngine', 'bulletunmanaged'),
(2587, 'Config_00', 'BulletSim', 'UseSeparatePhysicsThread', 'false'),
(2588, 'Config_00', 'BulletSim', 'TerrainImplementation', '1'),
(2589, 'Config_00', 'BulletSim', 'TerrainMeshMagnification', '2'),
(2590, 'Config_00', 'BulletSim', 'AvatarHeightLowFudge', '-0.2'),
(2591, 'Config_00', 'BulletSim', 'AvatarHeightMidFudge', '0.1'),
(2592, 'Config_00', 'BulletSim', 'AvatarHeightHighFudge', '0.1'),
(2593, 'Config_00', 'BulletSim', 'LinkImplementation', '1'),
(2594, 'Config_00', 'BulletSim', 'LinksetOffsetCenterOfMass', 'false'),
(2595, 'Config_00', 'BulletSim', 'MeshSculptedPrim', 'true'),
(2596, 'Config_00', 'BulletSim', 'ForceSimplePrimMeshing', 'false'),
(2597, 'Config_00', 'BulletSim', 'ShouldRemoveZeroWidthTriangles', 'true'),
(2598, 'Config_00', 'BulletSim', 'ShouldUseAssetHulls', 'true'),
(2599, 'Config_00', 'BulletSim', 'MaxCollisionsPerFrame', '2048'),
(2600, 'Config_00', 'BulletSim', 'MaxUpdatesPerFrame', '8192'),
(2601, 'Config_00', 'BulletSim', 'PhysicsLoggingEnabled', 'False'),
(2602, 'Config_00', 'BulletSim', 'PhysicsLoggingDir', '.'),
(2603, 'Config_00', 'BulletSim', 'VehicleLoggingEnabled', 'False'),
(2604, 'Config_00', 'RemoteAdmin', 'enabled', 'false'),
(2605, 'Config_00', 'RemoteAdmin', 'port', '0'),
(2606, 'Config_00', 'RemoteAdmin', 'bind_ip_address', '0.0.0.0'),
(2607, 'Config_00', 'RemoteAdmin', 'access_password', 'unknown'),
(2608, 'Config_00', 'RemoteAdmin', 'create_region_enable_voice', 'false'),
(2609, 'Config_00', 'RemoteAdmin', 'create_region_public', 'false'),
(2610, 'Config_00', 'RemoteAdmin', 'region_file_template', '{0}x{1}-{2}.ini'),
(2611, 'Config_00', 'RemoteAdmin', 'enabled_methods', 'all'),
(2612, 'Config_00', 'IRC', 'enabled', 'false'),
(2613, 'Config_00', 'Wind', 'enabled', 'true'),
(2614, 'Config_00', 'Wind', 'wind_update_rate', '150'),
(2615, 'Config_00', 'Wind', 'wind_plugin', 'SimpleRandomWind'),
(2616, 'Config_00', 'Wind', 'strength', '1.0'),
(2617, 'Config_00', 'Cloud', 'enabled', 'false'),
(2618, 'Config_00', 'Cloud', 'density', '0.5'),
(2619, 'Config_00', 'Cloud', 'cloud_update_rate', '1000'),
(2620, 'Config_00', 'LightShare', 'enable_windlight', 'false'),
(2621, 'Config_00', 'Trees', 'active_trees', 'false'),
(2622, 'Config_00', 'Trees', 'tree_density', '1000.0'),
(2623, 'Config_00', 'LL-Functions', 'AllowGodFunctions', 'false'),
(2624, 'Config_00', 'LL-Functions', 'max_listens_per_region', '1000'),
(2625, 'Config_00', 'LL-Functions', 'max_listens_per_script', '64'),
(2626, 'Config_00', 'LL-Functions', 'max_external_urls_per_simulator', '100'),
(2627, 'Config_00', 'DataSnapshot', 'index_sims', 'false'),
(2628, 'Config_00', 'DataSnapshot', 'data_exposure', 'minimum'),
(2629, 'Config_00', 'DataSnapshot', 'gridname', 'OSGrid'),
(2630, 'Config_00', 'DataSnapshot', 'default_snapshot_period', '1200'),
(2631, 'Config_00', 'DataSnapshot', 'snapshot_cache_directory', 'DataSnapshot'),
(2632, 'Config_00', 'Economy', 'SellEnabled', 'false'),
(2633, 'Config_00', 'Economy', 'PriceUpload', '0'),
(2634, 'Config_00', 'Economy', 'PriceGroupCreate', '0'),
(2635, 'Config_00', 'Economy', 'ObjectCount', '0'),
(2636, 'Config_00', 'Economy', 'PriceEnergyUnit', '100'),
(2637, 'Config_00', 'Economy', 'PriceObjectClaim', '10'),
(2638, 'Config_00', 'Economy', 'PricePublicObjectDecay', '4'),
(2639, 'Config_00', 'Economy', 'PricePublicObjectDelete', '4'),
(2640, 'Config_00', 'Economy', 'PriceParcelClaim', '1'),
(2641, 'Config_00', 'Economy', 'PriceParcelClaimFactor', '1'),
(2642, 'Config_00', 'Economy', 'PriceRentLight', '5'),
(2643, 'Config_00', 'Economy', 'TeleportMinPrice', '2'),
(2644, 'Config_00', 'Economy', 'TeleportPriceExponent', '2'),
(2645, 'Config_00', 'Economy', 'EnergyEfficiency', '1'),
(2646, 'Config_00', 'Economy', 'PriceObjectRent', '1'),
(2647, 'Config_00', 'Economy', 'PriceObjectScaleFactor', '10'),
(2648, 'Config_00', 'Economy', 'PriceParcelRent', '1'),
(2649, 'Config_00', 'XEngine', 'Enabled', 'true'),
(2650, 'Config_00', 'XEngine', 'MinThreads', '2'),
(2651, 'Config_00', 'XEngine', 'MaxThreads', '100'),
(2652, 'Config_00', 'XEngine', 'IdleTimeout', '60'),
(2653, 'Config_00', 'XEngine', 'Priority', 'BelowNormal'),
(2654, 'Config_00', 'XEngine', 'MaxScriptEventQueue', '300'),
(2655, 'Config_00', 'XEngine', 'ThreadStackSize', '262144'),
(2656, 'Config_00', 'XEngine', 'AppDomainLoading', 'false'),
(2657, 'Config_00', 'XEngine', 'ScriptStopStrategy', 'co-op'),
(2658, 'Config_00', 'XEngine', 'WriteScriptSourceToDebugFile', 'false'),
(2659, 'Config_00', 'XEngine', 'DefaultCompileLanguage', 'lsl'),
(2660, 'Config_00', 'XEngine', 'AllowedCompilers', 'lsl'),
(2661, 'Config_00', 'XEngine', 'CompileWithDebugInformation', 'true'),
(2662, 'Config_00', 'XEngine', 'AllowMODFunctions', 'true'),
(2663, 'Config_00', 'XEngine', 'AllowOSFunctions', 'true'),
(2664, 'Config_00', 'XEngine', 'AllowLightShareFunctions', 'true'),
(2665, 'Config_00', 'XEngine', 'OSFunctionThreatLevel', 'VeryLow'),
(2666, 'Config_00', 'XEngine', 'SaveInterval', '120'),
(2667, 'Config_00', 'XEngine', 'MaintenanceInterval', '10'),
(2668, 'Config_00', 'XEngine', 'EventLimit', '30'),
(2669, 'Config_00', 'XEngine', 'KillTimedOutScripts', 'false'),
(2670, 'Config_00', 'XEngine', 'WaitForEventCompletionOnScriptStop', '1000'),
(2671, 'Config_00', 'XEngine', 'ScriptDelayFactor', '1.0'),
(2672, 'Config_00', 'XEngine', 'ScriptDistanceLimitFactor', '1.0'),
(2673, 'Config_00', 'XEngine', 'SensorMaxRange', '96.0'),
(2674, 'Config_00', 'XEngine', 'SensorMaxResults', '16'),
(2675, 'Config_00', 'XEngine', 'DeleteScriptsOnStartup', 'false'),
(2676, 'Config_00', 'XEngine', 'ScriptEnginesPath', '/var/lib/opensim/scripts/${Environment|ZONE}'),
(2677, 'Config_00', 'Concierge', 'enabled', 'false'),
(2678, 'Config_00', 'Concierge', 'whoami', 'jeeves'),
(2679, 'Config_00', 'Concierge', 'password', 'SECRET'),
(2680, 'Config_00', 'Concierge', 'regions', '^MeetingSpace-'),
(2681, 'Config_00', 'Concierge', 'welcomes', '/path/to/welcome/template/directory'),
(2682, 'Config_00', 'Concierge', 'broker', 'http://broker.place.com/{1}'),
(2683, 'Config_00', 'MRM', 'Enabled', 'false'),
(2684, 'Config_00', 'MRM', 'Sandboxed', 'true'),
(2685, 'Config_00', 'MRM', 'SandboxLevel', 'Internet'),
(2686, 'Config_00', 'MRM', 'OwnerOnly', 'true'),
(2687, 'Config_00', 'Hypergrid', 'safemode', 'false'),
(2688, 'Config_00', 'Hypergrid', 'HomeURI', '${Environment|HomeURI}'),
(2689, 'Config_00', 'Hypergrid', 'GatekeeperURI', 'http://linkinulife.com:8002'),
(2690, 'Config_00', 'VivoxVoice', 'enabled', 'false'),
(2691, 'Config_00', 'VivoxVoice', 'vivox_server', 'www.foobar.vivox.com'),
(2692, 'Config_00', 'VivoxVoice', 'vivox_sip_uri', 'foobar.vivox.com'),
(2693, 'Config_00', 'VivoxVoice', 'vivox_admin_user', 'DeepThroat'),
(2694, 'Config_00', 'VivoxVoice', 'vivox_admin_password', 'VoiceG4te'),
(2695, 'Config_00', 'Groups', 'Enabled', 'true'),
(2696, 'Config_00', 'Groups', 'Module', 'Groups Module V2'),
(2697, 'Config_00', 'Groups', 'DebugEnabled', 'true'),
(2698, 'Config_00', 'Groups', 'GroupsCacheTimeout', '30'),
(2699, 'Config_00', 'Groups', 'MessagingModule', 'Groups Messaging Module V2'),
(2700, 'Config_00', 'Groups', 'MessageOnlineUsersOnly', 'false'),
(2701, 'Config_00', 'Groups', 'LevelGroupCreate', '0'),
(2702, 'Config_00', 'Groups', 'ServicesConnectorModule', 'Groups HG Service Connector'),
(2703, 'Config_00', 'Groups', 'LocalService', 'remote'),
(2704, 'Config_00', 'Groups', 'GroupsServerURI', '${Environment|GroupsServerURI}'),
(2705, 'Config_00', 'Groups', 'MessagingEnabled', 'true'),
(2706, 'Config_00', 'Groups', 'NoticesEnabled', 'true'),
(2707, 'Config_00', 'PacketPool', 'RecycleBaseUDPPackets', 'true'),
(2708, 'Config_00', 'InterestManagement', 'UpdatePrioritizationScheme', 'BestAvatarResponsiveness'),
(2709, 'Config_00', 'InterestManagement', 'ReprioritizationEnabled', 'true'),
(2710, 'Config_00', 'InterestManagement', 'ReprioritizationInterval', '2000.0'),
(2711, 'Config_00', 'InterestManagement', 'RootReprioritizationDistance', '10.0'),
(2712, 'Config_00', 'InterestManagement', 'ChildReprioritizationDistance', '20.0'),
(2713, 'Config_00', 'Monitoring', 'Enabled', 'true'),
(2714, 'Config_00', 'MediaOnAPrim', 'Enabled', 'true'),
(2715, 'Config_00', 'NPC', 'Enabled', 'false'),
(2716, 'Config_00', 'Terrain', 'InitialTerrain', 'pinhead-island'),
(2717, 'Config_00', 'SimianGridMaptiles', 'Enabled', 'False'),
(2718, 'Config_00', 'SimianGridMaptiles', 'MaptileURL', 'http://www.mygrid.com/Grid/'),
(2719, 'Config_00', 'SimianGridMaptiles', 'RefreshTime', '3600'),
(2720, 'Config_00', 'JsonStore', 'Enabled', 'False'),
(2721, 'Config_00', 'JsonStore', 'EnableObjectStore', 'False'),
(2722, 'Config_00', 'JsonStore', 'MaxStringSpace', '0'),
(2723, 'Config_00', 'AssetService', 'DefaultAssetLoader', 'OpenSim.Framework.AssetLoader.Filesystem.dll'),
(2724, 'Config_00', 'AssetService', 'AssetLoaderArgs', 'assets/AssetSets.xml'),
(2725, 'Config_00', 'AssetService', 'AssetLoaderEnabled', 'true'),
(2726, 'Config_00', 'AssetService', 'LocalGridAssetService', 'OpenSim.Services.Connectors.dll:AssetServicesConnector'),
(2727, 'Config_00', 'AssetService', 'HypergridAssetService', 'OpenSim.Services.Connectors.dll:HGAssetServiceConnector'),
(2728, 'Config_00', 'AssetService', 'AssetServerURI', '${Environment|AssetServerURI}'),
(2729, 'Config_00', 'GridService', 'StorageProvider', 'OpenSim.Data.Null.dll:NullRegionData'),
(2730, 'Config_00', 'GridService', 'LocalServiceModule', 'OpenSim.Services.GridService.dll:GridService'),
(2731, 'Config_00', 'GridService', 'NetworkConnector', 'OpenSim.Services.Connectors.dll:GridServicesConnector'),
(2732, 'Config_00', 'GridService', 'AssetService', 'OpenSim.Services.Connectors.dll:AssetServicesConnector'),
(2733, 'Config_00', 'GridService', 'HypergridLinker', 'true'),
(2734, 'Config_00', 'GridService', 'AllowHypergridMapSearch', 'true'),
(2735, 'Config_00', 'GridService', 'GridServerURI', '${Environment|GridServerURI}'),
(2736, 'Config_00', 'GridService', 'MapTileDirectory', '/home/jamesh/work/staging/production/maptiles'),
(2737, 'Config_00', 'GridService', 'Gatekeeper', '${Environment|Gatekeeper}'),
(2738, 'Config_00', 'AutoBackupModule', 'AutoBackupModuleEnabled', 'false'),
(2739, 'Config_00', 'Sounds', 'Module', 'OpenSim.Region.CoreModules.dll:SoundModule'),
(2740, 'Config_00', 'Sounds', 'MaxDistance', '100.0'),
(2741, 'Config_00', 'ServiceThrottle', 'Interval', '5000'),
(2742, 'Config_00', 'Modules', 'AssetServices', 'HGAssetBroker'),
(2743, 'Config_00', 'Modules', 'InventoryServices', 'HGInventoryBroker'),
(2744, 'Config_00', 'Modules', 'GridServices', 'RemoteGridServicesConnector'),
(2745, 'Config_00', 'Modules', 'AvatarServices', 'RemoteAvatarServicesConnector'),
(2746, 'Config_00', 'Modules', 'NeighbourServices', 'RemoteNeighbourServicesConnector'),
(2747, 'Config_00', 'Modules', 'AuthenticationServices', 'RemoteAuthenticationServicesConnector'),
(2748, 'Config_00', 'Modules', 'AuthorizationServices', 'LocalAuthorizationServicesConnector'),
(2749, 'Config_00', 'Modules', 'PresenceServices', 'RemotePresenceServicesConnector'),
(2750, 'Config_00', 'Modules', 'UserAccountServices', 'RemoteUserAccountServicesConnector'),
(2751, 'Config_00', 'Modules', 'GridUserServices', 'RemoteGridUserServicesConnector'),
(2752, 'Config_00', 'Modules', 'SimulationServices', 'RemoteSimulationConnectorModule'),
(2753, 'Config_00', 'Modules', 'EntityTransferModule', 'HGEntityTransferModule'),
(2754, 'Config_00', 'Modules', 'InventoryAccessModule', 'HGInventoryAccessModule'),
(2755, 'Config_00', 'Modules', 'LandServices', 'RemoteLandServicesConnector'),
(2756, 'Config_00', 'Modules', 'FriendsModule', 'HGFriendsModule'),
(2757, 'Config_00', 'Modules', 'MapImageService', 'MapImageServiceModule'),
(2758, 'Config_00', 'Modules', 'UserManagementModule', 'HGUserManagementModule'),
(2759, 'Config_00', 'Modules', 'SearchModule', 'BasicSearchModule'),
(2760, 'Config_00', 'Modules', 'LandServiceInConnector', 'true'),
(2761, 'Config_00', 'Modules', 'NeighbourServiceInConnector', 'true'),
(2762, 'Config_00', 'Modules', 'SimulationServiceInConnector', 'true'),
(2763, 'Config_00', 'Modules', 'LibraryModule', 'true'),
(2764, 'Config_00', 'Modules', 'AssetCaching', 'FlotsamAssetCache'),
(2765, 'Config_00', 'SimulatorFeatures', 'MapImageServerURI', 'http://linkinulife.com:9000/'),
(2766, 'Config_00', 'Profile', 'Module', 'BasicProfileModule'),
(2767, 'Config_00', 'SimulationDataStore', 'LocalServiceModule', 'OpenSim.Services.Connectors.dll:SimulationDataService'),
(2768, 'Config_00', 'EstateDataStore', 'LocalServiceModule', 'OpenSim.Services.Connectors.dll:EstateDataService'),
(2769, 'Config_00', 'InventoryService', 'LocalGridInventoryService', 'OpenSim.Region.CoreModules.dll:RemoteXInventoryServicesConnector'),
(2770, 'Config_00', 'InventoryService', 'InventoryServerURI', '${Environment|InventoryServerURI}'),
(2771, 'Config_00', 'LibraryService', 'LocalServiceModule', 'OpenSim.Services.InventoryService.dll:LibraryService'),
(2772, 'Config_00', 'LibraryService', 'LibraryName', 'OpenSim Library'),
(2773, 'Config_00', 'LibraryService', 'DefaultLibrary', './inventory/Libraries.xml'),
(2774, 'Config_00', 'Friends', 'Connector', 'OpenSim.Services.Connectors.dll:FriendsServicesConnector'),
(2775, 'Config_00', 'HGInstantMessageService', 'LocalServiceModule', 'OpenSim.Services.HypergridService.dll:HGInstantMessageService'),
(2776, 'Config_00', 'HGInstantMessageService', 'GridService', 'OpenSim.Services.Connectors.dll:GridServicesConnector'),
(2777, 'Config_00', 'HGInstantMessageService', 'PresenceService', 'OpenSim.Services.Connectors.dll:PresenceServicesConnector'),
(2778, 'Config_00', 'HGInstantMessageService', 'UserAgentService', 'OpenSim.Services.Connectors.dll:UserAgentServiceConnector'),
(2779, 'Config_00', 'MapImageService', 'LocalServiceModule', 'OpenSim.Services.Connectors.dll:MapImageServicesConnector'),
(2780, 'Config_00', 'MapImageService', 'RefreshTime', '60'),
(2781, 'Config_00', 'MapImageService', 'MapImageServerURI', '${Environment|MapImageServerURI}'),
(2782, 'Config_00', 'DatabaseService', 'StorageProvider', 'OpenSim.Data.MySQL.dll'),
(2783, 'Config_00', 'DatabaseService', 'ConnectionString', 'Data Source=${Environment|DB_HOST};Database=${Environment|ZONE};User ID=${Environment|DB_USER};Password=${Environment|DB_PASSWORD};Old Guids=true;'),
(2784, 'Config_00', 'DatabaseService', 'EstateConnectionString', 'Data Source=${Environment|ESTATE_DATASOURCE};Port=${Environment|ESTATE_DATA_PORT};Database=${Environment|ESTATE_DATABASE};User ID=${Environment|ESTATE_DATA_USER};Password=${Environment|ESTATE_DATA_PASSWORD};'),
(2785, 'Config_00', 'GridInfo', 'GridInfoURI', '${Environment|GridInfoURI}'),
(2786, 'Config_00', 'AvatarService', 'AvatarServerURI', '${Environment|AvatarServerURI}'),
(2787, 'Config_00', 'PresenceService', 'PresenceServerURI', '${Environment|PresenceServerURI}'),
(2788, 'Config_00', 'UserAccountService', 'UserAccountServerURI', '${Environment|UserAccountServerURI}'),
(2789, 'Config_00', 'GridUserService', 'GridUserServerURI', '${Environment|GridUserServerURI}'),
(2790, 'Config_00', 'AuthenticationService', 'AuthenticationServerURI', '${Environment|AuthenticationServerURI}'),
(2791, 'Config_00', 'FriendsService', 'FriendsServerURI', '${Environment|FriendsServerURI}'),
(2792, 'Config_00', 'HGInventoryAccessModule', 'HomeURI', '${Environment|HomeURI}'),
(2793, 'Config_00', 'HGInventoryAccessModule', 'Gatekeeper', '${Environment|Gatekeeper}'),
(2794, 'Config_00', 'HGAssetService', 'HomeURI', '${Environment|HomeURI}'),
(2795, 'Config_00', 'UserAgentService', 'UserAgentServerURI', '${Environment|UserAgentServerURI}'),
(2796, 'Config_00', 'AssetCache', 'CacheDirectory', '/var/cache/opensim/assetcache/${Environment|ZONE}'),
(2797, 'Config_00', 'AssetCache', 'LogLevel', '0'),
(2798, 'Config_00', 'AssetCache', 'HitRateDisplay', '100'),
(2799, 'Config_00', 'AssetCache', 'MemoryCacheEnabled', 'false'),
(2800, 'Config_00', 'AssetCache', 'FileCacheEnabled', 'true'),
(2801, 'Config_00', 'AssetCache', 'MemoryCacheTimeout', '2'),
(2802, 'Config_00', 'AssetCache', 'FileCacheTimeout', '48'),
(2803, 'Config_00', 'AssetCache', 'FileCleanupTimer', '1.0'),
(2804, 'Config_00', 'AssetCache', 'CacheDirectoryTiers', '3'),
(2805, 'Config_00', 'AssetCache', 'CacheDirectoryTierLength', '3'),
(2806, 'Config_00', 'AssetCache', 'CacheWarnAt', '30000'),
(2807, 'Config_01', 'Environment', 'DB_PASSWORD', ''),
(2808, 'Config_01', 'Environment', 'DB_USER', ''),
(2809, 'Config_01', 'Environment', 'DB_HOST', ''),
(2810, 'Config_01', 'Environment', 'ZONE', ''),
(2811, 'Config_01', 'Environment', 'HOSTNAME', ''),
(2812, 'Config_01', 'Environment', 'ESTATE_DATASOURCE', ''),
(2813, 'Config_01', 'Environment', 'ESTATE_DATABASE', ''),
(2814, 'Config_01', 'Environment', 'ESTATE_DATA_USER', ''),
(2815, 'Config_01', 'Environment', 'ESTATE_DATA_PASSWORD', ''),
(2816, 'Config_01', 'Environment', 'ESTATE_DATA_PORT', ''),
(2817, 'Config_01', 'Environment', 'MuteListURL', ''),
(2818, 'Config_01', 'Environment', 'MaptileURL', ''),
(2819, 'Config_01', 'Environment', 'Gatekeeper', ''),
(2820, 'Config_01', 'Environment', 'GridServerURI', ''),
(2821, 'Config_01', 'Environment', 'MapImageServerURI', ''),
(2822, 'Config_01', 'Environment', 'HomeURI', ''),
(2823, 'Config_01', 'Environment', 'UserAccountServerURI', ''),
(2824, 'Config_01', 'Environment', 'AvatarServerURI', ''),
(2825, 'Config_01', 'Environment', 'AuthenticationServerURI', ''),
(2826, 'Config_01', 'Environment', 'UserAgentServerURI', ''),
(2827, 'Config_01', 'Environment', 'PresenceServerURI', ''),
(2828, 'Config_01', 'Environment', 'InventoryServerURI', ''),
(2829, 'Config_01', 'Environment', 'FriendsServerURI', ''),
(2830, 'Config_01', 'Environment', 'GridInfoURI', ''),
(2831, 'Config_01', 'Environment', 'GridUserServerURI', ''),
(2832, 'Config_01', 'Environment', 'OfflineMessageURL', ''),
(2833, 'Config_01', 'Environment', 'GroupsServerURI', ''),
(2834, 'Config_01', 'Environment', 'AssetServerURI', ''),
(2835, 'Config_01', 'Startup', 'PIDFile', '/var/run/opensim/${Environment|ZONE}.pid'),
(2836, 'Config_01', 'Startup', 'region_info_source', 'web'),
(2837, 'Config_01', 'Startup', 'physics', 'BulletSim'),
(2838, 'Config_01', 'Startup', 'meshing', 'Meshmerizer'),
(2839, 'Config_01', 'Startup', 'physical_prim', 'true'),
(2840, 'Config_01', 'Startup', 'serverside_object_permissions', 'True'),
(2841, 'Config_01', 'Startup', 'storage_plugin', 'OpenSim.Data.SQLite.dll'),
(2842, 'Config_01', 'Startup', 'storage_connection_string', 'URI=file:OpenSim.db,version=3'),
(2843, 'Config_01', 'Startup', 'storage_prim_inventories', 'True'),
(2844, 'Config_01', 'Startup', 'startup_console_commands_file', 'startup_commands.txt'),
(2845, 'Config_01', 'Startup', 'shutdown_console_commands_file', 'shutdown_commands.txt'),
(2846, 'Config_01', 'Startup', 'DefaultScriptEngine', 'XEngine'),
(2847, 'Config_01', 'Startup', 'clientstack_plugin', 'OpenSim.Region.ClientStack.LindenUDP.dll'),
(2848, 'Config_01', 'Startup', 'EventQueue', 'True'),
(2849, 'Config_01', 'Startup', 'ConsolePrompt', 'Region (\\R)'),
(2850, 'Config_01', 'Startup', 'save_crashes', 'false'),
(2851, 'Config_01', 'Startup', 'crash_dir', 'crashes'),
(2852, 'Config_01', 'Startup', 'async_call_method', 'SmartThreadPool'),
(2853, 'Config_01', 'Startup', 'MaxPoolThreads', '15'),
(2854, 'Config_01', 'Startup', 'allow_regionless', 'false'),
(2855, 'Config_01', 'Startup', 'see_into_region', 'true'),
(2856, 'Config_01', 'Startup', 'MaxPrimUndos', '20'),
(2857, 'Config_01', 'Startup', 'NonPhysicalPrimMax', '256'),
(2858, 'Config_01', 'Startup', 'PhysicalPrimMax', '10'),
(2859, 'Config_01', 'Startup', 'ClampPrimSize', 'false'),
(2860, 'Config_01', 'Startup', 'LinksetPrims', '0'),
(2861, 'Config_01', 'Startup', 'AllowScriptCrossing', 'true'),
(2862, 'Config_01', 'Startup', 'TrustBinaries', 'true'),
(2863, 'Config_01', 'Startup', 'CombineContiguousRegions', 'false'),
(2864, 'Config_01', 'Startup', 'DefaultDrawDistance', '255.0'),
(2865, 'Config_01', 'Startup', 'InworldRestartShutsDown', 'false'),
(2866, 'Config_01', 'Startup', 'MinFrameTime', '0.089'),
(2867, 'Config_01', 'Startup', 'UpdateObjectsEveryNFrames', '1'),
(2868, 'Config_01', 'Startup', 'UpdateAgentsEveryNFrames', '1'),
(2869, 'Config_01', 'Startup', 'UpdateEntityMovementEveryNFrames', '1'),
(2870, 'Config_01', 'Startup', 'UpdateCoarseLocationsEveryNFrames', '50'),
(2871, 'Config_01', 'Startup', 'UpdatePhysicsEveryNFrames', '1'),
(2872, 'Config_01', 'Startup', 'UpdateTempCleaningEveryNFrames', '1000'),
(2873, 'Config_01', 'Startup', 'UpdateEventsEveryNFrames', '1'),
(2874, 'Config_01', 'Startup', 'UpdateTerrainEveryNFrames', '50'),
(2875, 'Config_01', 'Startup', 'UpdateStorageEveryNFrames', '200'),
(2876, 'Config_01', 'Startup', 'MinimumTimeBeforePersistenceConsidered', '60'),
(2877, 'Config_01', 'Startup', 'MaximumTimeBeforePersistenceConsidered', '600'),
(2878, 'Config_01', 'Startup', 'collidable_prim', 'true'),
(2879, 'Config_01', 'Startup', 'enableflyslow', 'false'),
(2880, 'Config_01', 'Startup', 'UseTrashOnDelete', 'True'),
(2881, 'Config_01', 'Startup', 'SpawnPointRouting', 'sequence'),
(2882, 'Config_01', 'Startup', 'WorldMapModule', 'HGWorldMap'),
(2883, 'Config_01', 'Startup', 'DecodedSculptMapPath', '/var/cache/opensim/${Environment|ZONE}/j2kDecodeCache'),
(2884, 'Config_01', 'Network', 'http_listener_port', '9000'),
(2885, 'Config_01', 'Network', 'ConsoleUser', 'Test'),
(2886, 'Config_01', 'Network', 'ConsolePass', 'secret'),
(2887, 'Config_01', 'Network', 'console_port', '0'),
(2888, 'Config_01', 'Network', 'http_listener_ssl', 'false'),
(2889, 'Config_01', 'Network', 'http_listener_cn', 'localhost'),
(2890, 'Config_01', 'Network', 'http_listener_sslport', '9001'),
(2891, 'Config_01', 'Network', 'http_listener_ssl_cert', ''),
(2892, 'Config_01', 'Network', 'shard', 'LinkinU'),
(2893, 'Config_01', 'Network', 'ExternalHostNameForLSL', '${Environment|HOSTNAME}'),
(2894, 'Config_01', 'Map', 'DrawPrimOnMapTile', 'true'),
(2895, 'Config_01', 'Map', 'TextureOnMapTile', 'true'),
(2896, 'Config_01', 'Map', 'MapImageModule', 'Warp3DImageModule'),
(2897, 'Config_01', 'Map', 'MaptileRefresh', '0'),
(2898, 'Config_01', 'Permissions', 'serverside_object_permissions', 'true'),
(2899, 'Config_01', 'Permissions', 'allow_grid_gods', 'true'),
(2900, 'Config_01', 'Permissions', 'permissionmodules', 'DefaultPermissionsModule,PrimLimitsModule'),
(2901, 'Config_01', 'Permissions', 'region_owner_is_god', 'false'),
(2902, 'Config_01', 'Permissions', 'region_manager_is_god', 'false'),
(2903, 'Config_01', 'Permissions', 'parcel_owner_is_god', 'false'),
(2904, 'Config_01', 'Permissions', 'simple_build_permissions', 'false'),
(2905, 'Config_01', 'RegionReady', 'enabled', 'true'),
(2906, 'Config_01', 'RegionReady', 'channel_notify', '-800'),
(2907, 'Config_01', 'RegionReady', 'login_disable', 'true'),
(2908, 'Config_01', 'EstateManagement', 'AllowRegionRestartFromClient', 'true'),
(2909, 'Config_01', 'UserProfiles', 'ProfileServiceURL', 'http://linkinulife.com:8002'),
(2910, 'Config_01', 'SMTP', 'enabled', 'false'),
(2911, 'Config_01', 'ClientStack.LindenUDP', 'enable_adaptive_throttles', 'true'),
(2912, 'Config_01', 'ClientStack.LindenCaps', 'Cap_AttachmentResources', ''),
(2913, 'Config_01', 'ClientStack.LindenCaps', 'Cap_ChatSessionRequest', ''),
(2914, 'Config_01', 'ClientStack.LindenCaps', 'Cap_CopyInventoryFromNotecard', 'localhost'),
(2915, 'Config_01', 'ClientStack.LindenCaps', 'Cap_DispatchRegionInfo', ''),
(2916, 'Config_01', 'ClientStack.LindenCaps', 'Cap_EstateChangeInfo', ''),
(2917, 'Config_01', 'ClientStack.LindenCaps', 'Cap_EnvironmentSettings', 'localhost'),
(2918, 'Config_01', 'ClientStack.LindenCaps', 'Cap_EventQueueGet', 'localhost'),
(2919, 'Config_01', 'ClientStack.LindenCaps', 'Cap_FetchInventory', ''),
(2920, 'Config_01', 'ClientStack.LindenCaps', 'Cap_ObjectMedia', 'localhost'),
(2921, 'Config_01', 'ClientStack.LindenCaps', 'Cap_ObjectMediaNavigate', 'localhost'),
(2922, 'Config_01', 'ClientStack.LindenCaps', 'Cap_FetchLib', ''),
(2923, 'Config_01', 'ClientStack.LindenCaps', 'Cap_FetchLibDescendents', ''),
(2924, 'Config_01', 'ClientStack.LindenCaps', 'Cap_GetDisplayNames', ''),
(2925, 'Config_01', 'ClientStack.LindenCaps', 'Cap_GetTexture', 'localhost'),
(2926, 'Config_01', 'ClientStack.LindenCaps', 'Cap_GetMesh', 'localhost'),
(2927, 'Config_01', 'ClientStack.LindenCaps', 'Cap_GetObjectCost', ''),
(2928, 'Config_01', 'ClientStack.LindenCaps', 'Cap_GetObjectPhysicsData', ''),
(2929, 'Config_01', 'ClientStack.LindenCaps', 'Cap_GroupProposalBallot', ''),
(2930, 'Config_01', 'ClientStack.LindenCaps', 'Cap_HomeLocation', ''),
(2931, 'Config_01', 'ClientStack.LindenCaps', 'Cap_LandResources', ''),
(2932, 'Config_01', 'ClientStack.LindenCaps', 'Cap_MapLayer', 'localhost'),
(2933, 'Config_01', 'ClientStack.LindenCaps', 'Cap_MapLayerGod', 'localhost'),
(2934, 'Config_01', 'ClientStack.LindenCaps', 'Cap_NewFileAgentInventory', 'localhost'),
(2935, 'Config_01', 'ClientStack.LindenCaps', 'Cap_NewFileAgentInventoryVariablePrice', 'localhost'),
(2936, 'Config_01', 'ClientStack.LindenCaps', 'Cap_ObjectAdd', 'localhost'),
(2937, 'Config_01', 'ClientStack.LindenCaps', 'Cap_ParcelPropertiesUpdate', 'localhost'),
(2938, 'Config_01', 'ClientStack.LindenCaps', 'Cap_ParcelMediaURLFilterList', ''),
(2939, 'Config_01', 'ClientStack.LindenCaps', 'Cap_ParcelNavigateMedia', ''),
(2940, 'Config_01', 'ClientStack.LindenCaps', 'Cap_ParcelVoiceInfoRequest', ''),
(2941, 'Config_01', 'ClientStack.LindenCaps', 'Cap_ProductInfoRequest', ''),
(2942, 'Config_01', 'ClientStack.LindenCaps', 'Cap_ProvisionVoiceAccountRequest', ''),
(2943, 'Config_01', 'ClientStack.LindenCaps', 'Cap_RemoteParcelRequest', 'localhost'),
(2944, 'Config_01', 'ClientStack.LindenCaps', 'Cap_RequestTextureDownload', ''),
(2945, 'Config_01', 'ClientStack.LindenCaps', 'Cap_SearchStatRequest', ''),
(2946, 'Config_01', 'ClientStack.LindenCaps', 'Cap_SearchStatTracking', ''),
(2947, 'Config_01', 'ClientStack.LindenCaps', 'Cap_SendPostcard', ''),
(2948, 'Config_01', 'ClientStack.LindenCaps', 'Cap_SendUserReport', ''),
(2949, 'Config_01', 'ClientStack.LindenCaps', 'Cap_SendUserReportWithScreenshot', ''),
(2950, 'Config_01', 'ClientStack.LindenCaps', 'Cap_ServerReleaseNotes', ''),
(2951, 'Config_01', 'ClientStack.LindenCaps', 'Cap_SimConsole', ''),
(2952, 'Config_01', 'ClientStack.LindenCaps', 'Cap_SimulatorFeatures', ''),
(2953, 'Config_01', 'ClientStack.LindenCaps', 'Cap_SetDisplayName', ''),
(2954, 'Config_01', 'ClientStack.LindenCaps', 'Cap_StartGroupProposal', ''),
(2955, 'Config_01', 'ClientStack.LindenCaps', 'Cap_TextureStats', ''),
(2956, 'Config_01', 'ClientStack.LindenCaps', 'Cap_UntrustedSimulatorMessage', ''),
(2957, 'Config_01', 'ClientStack.LindenCaps', 'Cap_UpdateAgentInformation', ''),
(2958, 'Config_01', 'ClientStack.LindenCaps', 'Cap_UpdateAgentLanguage', ''),
(2959, 'Config_01', 'ClientStack.LindenCaps', 'Cap_UpdateGestureAgentInventory', ''),
(2960, 'Config_01', 'ClientStack.LindenCaps', 'Cap_UpdateNotecardAgentInventory', 'localhost'),
(2961, 'Config_01', 'ClientStack.LindenCaps', 'Cap_UpdateScriptAgent', 'localhost'),
(2962, 'Config_01', 'ClientStack.LindenCaps', 'Cap_UpdateGestureTaskInventory', ''),
(2963, 'Config_01', 'ClientStack.LindenCaps', 'Cap_UpdateNotecardTaskInventory', 'localhost'),
(2964, 'Config_01', 'ClientStack.LindenCaps', 'Cap_UpdateScriptTask', 'localhost'),
(2965, 'Config_01', 'ClientStack.LindenCaps', 'Cap_UploadBakedTexture', 'localhost'),
(2966, 'Config_01', 'ClientStack.LindenCaps', 'Cap_UploadObjectAsset', 'localhost'),
(2967, 'Config_01', 'ClientStack.LindenCaps', 'Cap_ViewerStartAuction', ''),
(2968, 'Config_01', 'ClientStack.LindenCaps', 'Cap_ViewerStats', ''),
(2969, 'Config_01', 'ClientStack.LindenCaps', 'Cap_WebFetchInventoryDescendents', ''),
(2970, 'Config_01', 'ClientStack.LindenCaps', 'Cap_FetchInventoryDescendents2', 'localhost'),
(2971, 'Config_01', 'ClientStack.LindenCaps', 'Cap_FetchInventory2', 'localhost'),
(2972, 'Config_01', 'ClientStack.LindenCaps', 'Cap_AvatarPickerSearch', 'localhost'),
(2973, 'Config_01', 'Chat', 'enabled', 'true'),
(2974, 'Config_01', 'Chat', 'whisper_distance', '10'),
(2975, 'Config_01', 'Chat', 'say_distance', '20'),
(2976, 'Config_01', 'Chat', 'shout_distance', '100'),
(2977, 'Config_01', 'EntityTransfer', 'max_distance', '4095'),
(2978, 'Config_01', 'EntityTransfer', 'LevelHGTeleport', '0'),
(2979, 'Config_01', 'EntityTransfer', 'DisableInterRegionTeleportCancellation', 'false'),
(2980, 'Config_01', 'Messaging', 'InstantMessageModule', 'InstantMessageModule'),
(2981, 'Config_01', 'Messaging', 'OfflineMessageModule', 'Offline Message Module V2'),
(2982, 'Config_01', 'Messaging', 'OfflineMessageURL', '${Environment|OfflineMessageURL}'),
(2983, 'Config_01', 'Messaging', 'MuteListModule', 'MuteListModule'),
(2984, 'Config_01', 'Messaging', 'MuteListURL', '${Environment|MuteListURL}'),
(2985, 'Config_01', 'Messaging', 'ForwardOfflineGroupMessages', 'true'),
(2986, 'Config_01', 'Messaging', 'MessageTransferModule', 'HGMessageTransferModule'),
(2987, 'Config_01', 'Messaging', 'LureModule', 'HGLureModule'),
(2988, 'Config_01', 'Messaging', 'Gatekeeper', '${Environment|Gatekeeper}'),
(2989, 'Config_01', 'Inventory', 'CoalesceMultipleObjectsToInventory', 'true'),
(2990, 'Config_01', 'Appearance', 'PersistBakedTextures', 'false'),
(2991, 'Config_01', 'Appearance', 'DelayBeforeAppearanceSave', '5'),
(2992, 'Config_01', 'Appearance', 'DelayBeforeAppearanceSend', '2'),
(2993, 'Config_01', 'Appearance', 'ResendAppearanceUpdates', 'true'),
(2994, 'Config_01', 'Appearance', 'ReuseTextures', 'false'),
(2995, 'Config_01', 'Attachments', 'Enabled', 'true'),
(2996, 'Config_01', 'Attachments', 'ThrottlePer100PrimsRezzed', '0'),
(2997, 'Config_01', 'Mesh', 'AllowMeshUpload', 'true'),
(2998, 'Config_01', 'Mesh', 'UseMeshiesPhysicsMesh', 'true'),
(2999, 'Config_01', 'Textures', 'ReuseDynamicTextures', 'false'),
(3000, 'Config_01', 'Textures', 'ReuseDynamicLowDataTextures', 'false'),
(3001, 'Config_01', 'ODEPhysicsSettings', 'collect_stats', 'false'),
(3002, 'Config_01', 'ODEPhysicsSettings', 'world_gravityx', '0'),
(3003, 'Config_01', 'ODEPhysicsSettings', 'world_gravityy', '0'),
(3004, 'Config_01', 'ODEPhysicsSettings', 'world_gravityz', '-9.8'),
(3005, 'Config_01', 'ODEPhysicsSettings', 'avatar_terminal_velocity', '54'),
(3006, 'Config_01', 'ODEPhysicsSettings', 'world_stepsize', '0.0178'),
(3007, 'Config_01', 'ODEPhysicsSettings', 'world_internal_steps_without_collisions', '10'),
(3008, 'Config_01', 'ODEPhysicsSettings', 'world_hashspace_size_low', '-4'),
(3009, 'Config_01', 'ODEPhysicsSettings', 'world_hashSpace_size_high', '128'),
(3010, 'Config_01', 'ODEPhysicsSettings', 'meters_in_small_space', '29.9'),
(3011, 'Config_01', 'ODEPhysicsSettings', 'small_hashspace_size_low', '-4'),
(3012, 'Config_01', 'ODEPhysicsSettings', 'small_hashspace_size_high', '66'),
(3013, 'Config_01', 'ODEPhysicsSettings', 'world_contact_surface_layer', '0.001'),
(3014, 'Config_01', 'ODEPhysicsSettings', 'filter_collisions', 'false'),
(3015, 'Config_01', 'ODEPhysicsSettings', 'nm_terraincontact_friction', '255.0'),
(3016, 'Config_01', 'ODEPhysicsSettings', 'nm_terraincontact_bounce', '0.1'),
(3017, 'Config_01', 'ODEPhysicsSettings', 'nm_terraincontact_erp', '0.1025'),
(3018, 'Config_01', 'ODEPhysicsSettings', 'm_terraincontact_friction', '75.0'),
(3019, 'Config_01', 'ODEPhysicsSettings', 'm_terraincontact_bounce', '0.05'),
(3020, 'Config_01', 'ODEPhysicsSettings', 'm_terrainContact_erp', '0.05025'),
(3021, 'Config_01', 'ODEPhysicsSettings', 'm_avatarobjectcontact_friction', '75.0'),
(3022, 'Config_01', 'ODEPhysicsSettings', 'm_avatarobjectcontact_bounce', '0.1'),
(3023, 'Config_01', 'ODEPhysicsSettings', 'objectcontact_friction', '250.0'),
(3024, 'Config_01', 'ODEPhysicsSettings', 'objectcontact_bounce', '0.2'),
(3025, 'Config_01', 'ODEPhysicsSettings', 'av_pid_derivative_linux', '2200.0'),
(3026, 'Config_01', 'ODEPhysicsSettings', 'av_pid_proportional_linux', '900.0'),
(3027, 'Config_01', 'ODEPhysicsSettings', 'av_pid_derivative_win', '2200.0'),
(3028, 'Config_01', 'ODEPhysicsSettings', 'av_pid_proportional_win', '900.0'),
(3029, 'Config_01', 'ODEPhysicsSettings', 'av_capsule_radius', '0.37'),
(3030, 'Config_01', 'ODEPhysicsSettings', 'av_capsule_standup_tensor_win', '550000'),
(3031, 'Config_01', 'ODEPhysicsSettings', 'av_capsule_standup_tensor_linux', '550000'),
(3032, 'Config_01', 'ODEPhysicsSettings', 'av_capsule_tilted', 'false'),
(3033, 'Config_01', 'ODEPhysicsSettings', 'av_density', '80'),
(3034, 'Config_01', 'ODEPhysicsSettings', 'av_movement_divisor_walk', '1.3'),
(3035, 'Config_01', 'ODEPhysicsSettings', 'av_movement_divisor_run', '0.8'),
(3036, 'Config_01', 'ODEPhysicsSettings', 'minimum_ground_flight_offset', '3.0'),
(3037, 'Config_01', 'ODEPhysicsSettings', 'av_planted', 'false'),
(3038, 'Config_01', 'ODEPhysicsSettings', 'av_av_collisions_off', 'false'),
(3039, 'Config_01', 'ODEPhysicsSettings', 'geometry_default_density', '10.000006836'),
(3040, 'Config_01', 'ODEPhysicsSettings', 'body_frames_auto_disable', '20'),
(3041, 'Config_01', 'ODEPhysicsSettings', 'body_pid_derivative', '35'),
(3042, 'Config_01', 'ODEPhysicsSettings', 'body_pid_gain', '25'),
(3043, 'Config_01', 'ODEPhysicsSettings', 'contacts_per_collision', '80'),
(3044, 'Config_01', 'ODEPhysicsSettings', 'geom_crossing_failures_before_outofbounds', '5'),
(3045, 'Config_01', 'ODEPhysicsSettings', 'geom_contactpoints_start_throttling', '3'),
(3046, 'Config_01', 'ODEPhysicsSettings', 'geom_updates_before_throttled_update', '15'),
(3047, 'Config_01', 'ODEPhysicsSettings', 'body_motor_joint_maxforce_tensor_linux', '5');
INSERT INTO `grid_space_mainconfig` (`id`, `version_id`, `section`, `entry`, `value`) VALUES
(3048, 'Config_01', 'ODEPhysicsSettings', 'body_motor_joint_maxforce_tensor_win', '5'),
(3049, 'Config_01', 'ODEPhysicsSettings', 'maximum_mass_object', '10000.01'),
(3050, 'Config_01', 'ODEPhysicsSettings', 'mesh_sculpted_prim', 'true'),
(3051, 'Config_01', 'ODEPhysicsSettings', 'mesh_lod', '32'),
(3052, 'Config_01', 'ODEPhysicsSettings', 'mesh_physical_lod', '16'),
(3053, 'Config_01', 'BulletSim', 'BulletEngine', 'bulletunmanaged'),
(3054, 'Config_01', 'BulletSim', 'UseSeparatePhysicsThread', 'false'),
(3055, 'Config_01', 'BulletSim', 'TerrainImplementation', '1'),
(3056, 'Config_01', 'BulletSim', 'TerrainMeshMagnification', '2'),
(3057, 'Config_01', 'BulletSim', 'AvatarHeightLowFudge', '-0.2'),
(3058, 'Config_01', 'BulletSim', 'AvatarHeightMidFudge', '0.1'),
(3059, 'Config_01', 'BulletSim', 'AvatarHeightHighFudge', '0.1'),
(3060, 'Config_01', 'BulletSim', 'LinkImplementation', '1'),
(3061, 'Config_01', 'BulletSim', 'LinksetOffsetCenterOfMass', 'false'),
(3062, 'Config_01', 'BulletSim', 'MeshSculptedPrim', 'true'),
(3063, 'Config_01', 'BulletSim', 'ForceSimplePrimMeshing', 'false'),
(3064, 'Config_01', 'BulletSim', 'ShouldRemoveZeroWidthTriangles', 'true'),
(3065, 'Config_01', 'BulletSim', 'ShouldUseAssetHulls', 'true'),
(3066, 'Config_01', 'BulletSim', 'MaxCollisionsPerFrame', '2048'),
(3067, 'Config_01', 'BulletSim', 'MaxUpdatesPerFrame', '8192'),
(3068, 'Config_01', 'BulletSim', 'PhysicsLoggingEnabled', 'False'),
(3069, 'Config_01', 'BulletSim', 'PhysicsLoggingDir', '.'),
(3070, 'Config_01', 'BulletSim', 'VehicleLoggingEnabled', 'False'),
(3071, 'Config_01', 'RemoteAdmin', 'enabled', 'false'),
(3072, 'Config_01', 'RemoteAdmin', 'port', '0'),
(3073, 'Config_01', 'RemoteAdmin', 'bind_ip_address', '0.0.0.0'),
(3074, 'Config_01', 'RemoteAdmin', 'access_password', 'unknown'),
(3075, 'Config_01', 'RemoteAdmin', 'create_region_enable_voice', 'false'),
(3076, 'Config_01', 'RemoteAdmin', 'create_region_public', 'false'),
(3077, 'Config_01', 'RemoteAdmin', 'region_file_template', '{0}x{1}-{2}.ini'),
(3078, 'Config_01', 'RemoteAdmin', 'enabled_methods', 'all'),
(3079, 'Config_01', 'IRC', 'enabled', 'false'),
(3080, 'Config_01', 'Wind', 'enabled', 'true'),
(3081, 'Config_01', 'Wind', 'wind_update_rate', '150'),
(3082, 'Config_01', 'Wind', 'wind_plugin', 'SimpleRandomWind'),
(3083, 'Config_01', 'Wind', 'strength', '1.0'),
(3084, 'Config_01', 'Cloud', 'enabled', 'false'),
(3085, 'Config_01', 'Cloud', 'density', '0.5'),
(3086, 'Config_01', 'Cloud', 'cloud_update_rate', '1000'),
(3087, 'Config_01', 'LightShare', 'enable_windlight', 'false'),
(3088, 'Config_01', 'Trees', 'active_trees', 'false'),
(3089, 'Config_01', 'Trees', 'tree_density', '1000.0'),
(3090, 'Config_01', 'LL-Functions', 'AllowGodFunctions', 'false'),
(3091, 'Config_01', 'LL-Functions', 'max_listens_per_region', '1000'),
(3092, 'Config_01', 'LL-Functions', 'max_listens_per_script', '64'),
(3093, 'Config_01', 'LL-Functions', 'max_external_urls_per_simulator', '100'),
(3094, 'Config_01', 'DataSnapshot', 'index_sims', 'false'),
(3095, 'Config_01', 'DataSnapshot', 'data_exposure', 'minimum'),
(3096, 'Config_01', 'DataSnapshot', 'gridname', 'OSGrid'),
(3097, 'Config_01', 'DataSnapshot', 'default_snapshot_period', '1200'),
(3098, 'Config_01', 'DataSnapshot', 'snapshot_cache_directory', 'DataSnapshot'),
(3099, 'Config_01', 'Economy', 'SellEnabled', 'false'),
(3100, 'Config_01', 'Economy', 'PriceUpload', '0'),
(3101, 'Config_01', 'Economy', 'PriceGroupCreate', '0'),
(3102, 'Config_01', 'Economy', 'ObjectCount', '0'),
(3103, 'Config_01', 'Economy', 'PriceEnergyUnit', '100'),
(3104, 'Config_01', 'Economy', 'PriceObjectClaim', '10'),
(3105, 'Config_01', 'Economy', 'PricePublicObjectDecay', '4'),
(3106, 'Config_01', 'Economy', 'PricePublicObjectDelete', '4'),
(3107, 'Config_01', 'Economy', 'PriceParcelClaim', '1'),
(3108, 'Config_01', 'Economy', 'PriceParcelClaimFactor', '1'),
(3109, 'Config_01', 'Economy', 'PriceRentLight', '5'),
(3110, 'Config_01', 'Economy', 'TeleportMinPrice', '2'),
(3111, 'Config_01', 'Economy', 'TeleportPriceExponent', '2'),
(3112, 'Config_01', 'Economy', 'EnergyEfficiency', '1'),
(3113, 'Config_01', 'Economy', 'PriceObjectRent', '1'),
(3114, 'Config_01', 'Economy', 'PriceObjectScaleFactor', '10'),
(3115, 'Config_01', 'Economy', 'PriceParcelRent', '1'),
(3116, 'Config_01', 'XEngine', 'Enabled', 'true'),
(3117, 'Config_01', 'XEngine', 'MinThreads', '2'),
(3118, 'Config_01', 'XEngine', 'MaxThreads', '100'),
(3119, 'Config_01', 'XEngine', 'IdleTimeout', '60'),
(3120, 'Config_01', 'XEngine', 'Priority', 'BelowNormal'),
(3121, 'Config_01', 'XEngine', 'MaxScriptEventQueue', '300'),
(3122, 'Config_01', 'XEngine', 'ThreadStackSize', '262144'),
(3123, 'Config_01', 'XEngine', 'AppDomainLoading', 'false'),
(3124, 'Config_01', 'XEngine', 'ScriptStopStrategy', 'co-op'),
(3125, 'Config_01', 'XEngine', 'WriteScriptSourceToDebugFile', 'false'),
(3126, 'Config_01', 'XEngine', 'DefaultCompileLanguage', 'lsl'),
(3127, 'Config_01', 'XEngine', 'AllowedCompilers', 'lsl'),
(3128, 'Config_01', 'XEngine', 'CompileWithDebugInformation', 'true'),
(3129, 'Config_01', 'XEngine', 'AllowMODFunctions', 'true'),
(3130, 'Config_01', 'XEngine', 'AllowOSFunctions', 'true'),
(3131, 'Config_01', 'XEngine', 'AllowLightShareFunctions', 'true'),
(3132, 'Config_01', 'XEngine', 'OSFunctionThreatLevel', 'VeryLow'),
(3133, 'Config_01', 'XEngine', 'SaveInterval', '120'),
(3134, 'Config_01', 'XEngine', 'MaintenanceInterval', '10'),
(3135, 'Config_01', 'XEngine', 'EventLimit', '30'),
(3136, 'Config_01', 'XEngine', 'KillTimedOutScripts', 'false'),
(3137, 'Config_01', 'XEngine', 'WaitForEventCompletionOnScriptStop', '1000'),
(3138, 'Config_01', 'XEngine', 'ScriptDelayFactor', '1.0'),
(3139, 'Config_01', 'XEngine', 'ScriptDistanceLimitFactor', '1.0'),
(3140, 'Config_01', 'XEngine', 'SensorMaxRange', '96.0'),
(3141, 'Config_01', 'XEngine', 'SensorMaxResults', '16'),
(3142, 'Config_01', 'XEngine', 'DeleteScriptsOnStartup', 'false'),
(3143, 'Config_01', 'XEngine', 'ScriptEnginesPath', '/var/lib/opensim/scripts/${Environment|ZONE}'),
(3144, 'Config_01', 'Concierge', 'enabled', 'false'),
(3145, 'Config_01', 'Concierge', 'whoami', 'jeeves'),
(3146, 'Config_01', 'Concierge', 'password', 'SECRET'),
(3147, 'Config_01', 'Concierge', 'regions', '^MeetingSpace-'),
(3148, 'Config_01', 'Concierge', 'welcomes', '/path/to/welcome/template/directory'),
(3149, 'Config_01', 'Concierge', 'broker', 'http://broker.place.com/{1}'),
(3150, 'Config_01', 'MRM', 'Enabled', 'false'),
(3151, 'Config_01', 'MRM', 'Sandboxed', 'true'),
(3152, 'Config_01', 'MRM', 'SandboxLevel', 'Internet'),
(3153, 'Config_01', 'MRM', 'OwnerOnly', 'true'),
(3154, 'Config_01', 'Hypergrid', 'safemode', 'false'),
(3155, 'Config_01', 'Hypergrid', 'HomeURI', '${Environment|HomeURI}'),
(3156, 'Config_01', 'Hypergrid', 'GatekeeperURI', 'http://linkinulife.com:8002'),
(3157, 'Config_01', 'VivoxVoice', 'enabled', 'false'),
(3158, 'Config_01', 'VivoxVoice', 'vivox_server', 'www.foobar.vivox.com'),
(3159, 'Config_01', 'VivoxVoice', 'vivox_sip_uri', 'foobar.vivox.com'),
(3160, 'Config_01', 'VivoxVoice', 'vivox_admin_user', 'DeepThroat'),
(3161, 'Config_01', 'VivoxVoice', 'vivox_admin_password', 'VoiceG4te'),
(3162, 'Config_01', 'Groups', 'Enabled', 'true'),
(3163, 'Config_01', 'Groups', 'Module', 'Groups Module V2'),
(3164, 'Config_01', 'Groups', 'DebugEnabled', 'true'),
(3165, 'Config_01', 'Groups', 'GroupsCacheTimeout', '30'),
(3166, 'Config_01', 'Groups', 'MessagingModule', 'Groups Messaging Module V2'),
(3167, 'Config_01', 'Groups', 'MessageOnlineUsersOnly', 'false'),
(3168, 'Config_01', 'Groups', 'LevelGroupCreate', '0'),
(3169, 'Config_01', 'Groups', 'ServicesConnectorModule', 'Groups HG Service Connector'),
(3170, 'Config_01', 'Groups', 'LocalService', 'remote'),
(3171, 'Config_01', 'Groups', 'GroupsServerURI', '${Environment|GroupsServerURI}'),
(3172, 'Config_01', 'Groups', 'MessagingEnabled', 'true'),
(3173, 'Config_01', 'Groups', 'NoticesEnabled', 'true'),
(3174, 'Config_01', 'PacketPool', 'RecycleBaseUDPPackets', 'true'),
(3175, 'Config_01', 'InterestManagement', 'UpdatePrioritizationScheme', 'BestAvatarResponsiveness'),
(3176, 'Config_01', 'InterestManagement', 'ReprioritizationEnabled', 'true'),
(3177, 'Config_01', 'InterestManagement', 'ReprioritizationInterval', '2000.0'),
(3178, 'Config_01', 'InterestManagement', 'RootReprioritizationDistance', '10.0'),
(3179, 'Config_01', 'InterestManagement', 'ChildReprioritizationDistance', '20.0'),
(3180, 'Config_01', 'Monitoring', 'Enabled', 'true'),
(3181, 'Config_01', 'MediaOnAPrim', 'Enabled', 'true'),
(3182, 'Config_01', 'NPC', 'Enabled', 'false'),
(3183, 'Config_01', 'Terrain', 'InitialTerrain', 'pinhead-island'),
(3184, 'Config_01', 'SimianGridMaptiles', 'Enabled', 'False'),
(3185, 'Config_01', 'SimianGridMaptiles', 'MaptileURL', 'http://www.mygrid.com/Grid/'),
(3186, 'Config_01', 'SimianGridMaptiles', 'RefreshTime', '3600'),
(3187, 'Config_01', 'JsonStore', 'Enabled', 'False'),
(3188, 'Config_01', 'JsonStore', 'EnableObjectStore', 'False'),
(3189, 'Config_01', 'JsonStore', 'MaxStringSpace', '0'),
(3190, 'Config_01', 'AssetService', 'DefaultAssetLoader', 'OpenSim.Framework.AssetLoader.Filesystem.dll'),
(3191, 'Config_01', 'AssetService', 'AssetLoaderArgs', 'assets/AssetSets.xml'),
(3192, 'Config_01', 'AssetService', 'AssetLoaderEnabled', 'true'),
(3193, 'Config_01', 'AssetService', 'LocalGridAssetService', 'OpenSim.Services.Connectors.dll:AssetServicesConnector'),
(3194, 'Config_01', 'AssetService', 'HypergridAssetService', 'OpenSim.Services.Connectors.dll:HGAssetServiceConnector'),
(3195, 'Config_01', 'AssetService', 'AssetServerURI', '${Environment|AssetServerURI}'),
(3196, 'Config_01', 'GridService', 'StorageProvider', 'OpenSim.Data.Null.dll:NullRegionData'),
(3197, 'Config_01', 'GridService', 'LocalServiceModule', 'OpenSim.Services.GridService.dll:GridService'),
(3198, 'Config_01', 'GridService', 'NetworkConnector', 'OpenSim.Services.Connectors.dll:GridServicesConnector'),
(3199, 'Config_01', 'GridService', 'AssetService', 'OpenSim.Services.Connectors.dll:AssetServicesConnector'),
(3200, 'Config_01', 'GridService', 'HypergridLinker', 'true'),
(3201, 'Config_01', 'GridService', 'AllowHypergridMapSearch', 'true'),
(3202, 'Config_01', 'GridService', 'GridServerURI', '${Environment|GridServerURI}'),
(3203, 'Config_01', 'GridService', 'MapTileDirectory', '/home/jamesh/work/staging/production/maptiles'),
(3204, 'Config_01', 'GridService', 'Gatekeeper', '${Environment|Gatekeeper}'),
(3205, 'Config_01', 'AutoBackupModule', 'AutoBackupModuleEnabled', 'false'),
(3206, 'Config_01', 'Sounds', 'Module', 'OpenSim.Region.CoreModules.dll:SoundModule'),
(3207, 'Config_01', 'Sounds', 'MaxDistance', '100.0'),
(3208, 'Config_01', 'ServiceThrottle', 'Interval', '5000'),
(3209, 'Config_01', 'Modules', 'AssetServices', 'HGAssetBroker'),
(3210, 'Config_01', 'Modules', 'InventoryServices', 'HGInventoryBroker'),
(3211, 'Config_01', 'Modules', 'GridServices', 'RemoteGridServicesConnector'),
(3212, 'Config_01', 'Modules', 'AvatarServices', 'RemoteAvatarServicesConnector'),
(3213, 'Config_01', 'Modules', 'NeighbourServices', 'RemoteNeighbourServicesConnector'),
(3214, 'Config_01', 'Modules', 'AuthenticationServices', 'RemoteAuthenticationServicesConnector'),
(3215, 'Config_01', 'Modules', 'AuthorizationServices', 'LocalAuthorizationServicesConnector'),
(3216, 'Config_01', 'Modules', 'PresenceServices', 'RemotePresenceServicesConnector'),
(3217, 'Config_01', 'Modules', 'UserAccountServices', 'RemoteUserAccountServicesConnector'),
(3218, 'Config_01', 'Modules', 'GridUserServices', 'RemoteGridUserServicesConnector'),
(3219, 'Config_01', 'Modules', 'SimulationServices', 'RemoteSimulationConnectorModule'),
(3220, 'Config_01', 'Modules', 'EntityTransferModule', 'HGEntityTransferModule'),
(3221, 'Config_01', 'Modules', 'InventoryAccessModule', 'HGInventoryAccessModule'),
(3222, 'Config_01', 'Modules', 'LandServices', 'RemoteLandServicesConnector'),
(3223, 'Config_01', 'Modules', 'FriendsModule', 'HGFriendsModule'),
(3224, 'Config_01', 'Modules', 'MapImageService', 'MapImageServiceModule'),
(3225, 'Config_01', 'Modules', 'UserManagementModule', 'HGUserManagementModule'),
(3226, 'Config_01', 'Modules', 'SearchModule', 'BasicSearchModule'),
(3227, 'Config_01', 'Modules', 'LandServiceInConnector', 'true'),
(3228, 'Config_01', 'Modules', 'NeighbourServiceInConnector', 'true'),
(3229, 'Config_01', 'Modules', 'SimulationServiceInConnector', 'true'),
(3230, 'Config_01', 'Modules', 'LibraryModule', 'true'),
(3231, 'Config_01', 'Modules', 'AssetCaching', 'FlotsamAssetCache'),
(3232, 'Config_01', 'SimulatorFeatures', 'MapImageServerURI', 'http://linkinulife.com:9000/'),
(3233, 'Config_01', 'Profile', 'Module', 'BasicProfileModule'),
(3234, 'Config_01', 'SimulationDataStore', 'LocalServiceModule', 'OpenSim.Services.Connectors.dll:SimulationDataService'),
(3235, 'Config_01', 'EstateDataStore', 'LocalServiceModule', 'OpenSim.Services.Connectors.dll:EstateDataService'),
(3236, 'Config_01', 'InventoryService', 'LocalGridInventoryService', 'OpenSim.Region.CoreModules.dll:RemoteXInventoryServicesConnector'),
(3237, 'Config_01', 'InventoryService', 'InventoryServerURI', '${Environment|InventoryServerURI}'),
(3238, 'Config_01', 'LibraryService', 'LocalServiceModule', 'OpenSim.Services.InventoryService.dll:LibraryService'),
(3239, 'Config_01', 'LibraryService', 'LibraryName', 'OpenSim Library'),
(3240, 'Config_01', 'LibraryService', 'DefaultLibrary', './inventory/Libraries.xml'),
(3241, 'Config_01', 'Friends', 'Connector', 'OpenSim.Services.Connectors.dll:FriendsServicesConnector'),
(3242, 'Config_01', 'HGInstantMessageService', 'LocalServiceModule', 'OpenSim.Services.HypergridService.dll:HGInstantMessageService'),
(3243, 'Config_01', 'HGInstantMessageService', 'GridService', 'OpenSim.Services.Connectors.dll:GridServicesConnector'),
(3244, 'Config_01', 'HGInstantMessageService', 'PresenceService', 'OpenSim.Services.Connectors.dll:PresenceServicesConnector'),
(3245, 'Config_01', 'HGInstantMessageService', 'UserAgentService', 'OpenSim.Services.Connectors.dll:UserAgentServiceConnector'),
(3246, 'Config_01', 'MapImageService', 'LocalServiceModule', 'OpenSim.Services.Connectors.dll:MapImageServicesConnector'),
(3247, 'Config_01', 'MapImageService', 'RefreshTime', '60'),
(3248, 'Config_01', 'MapImageService', 'MapImageServerURI', '${Environment|MapImageServerURI}'),
(3249, 'Config_01', 'DatabaseService', 'StorageProvider', 'OpenSim.Data.MySQL.dll'),
(3250, 'Config_01', 'DatabaseService', 'ConnectionString', 'Data Source=${Environment|DB_HOST};Database=${Environment|ZONE};User ID=${Environment|DB_USER};Password=${Environment|DB_PASSWORD};Old Guids=true;'),
(3251, 'Config_01', 'DatabaseService', 'EstateConnectionString', 'Data Source=${Environment|ESTATE_DATASOURCE};Port=${Environment|ESTATE_DATA_PORT};Database=${Environment|ESTATE_DATABASE};User ID=${Environment|ESTATE_DATA_USER};Password=${Environment|ESTATE_DATA_PASSWORD};'),
(3252, 'Config_01', 'GridInfo', 'GridInfoURI', '${Environment|GridInfoURI}'),
(3253, 'Config_01', 'AvatarService', 'AvatarServerURI', '${Environment|AvatarServerURI}'),
(3254, 'Config_01', 'PresenceService', 'PresenceServerURI', '${Environment|PresenceServerURI}'),
(3255, 'Config_01', 'UserAccountService', 'UserAccountServerURI', '${Environment|UserAccountServerURI}'),
(3256, 'Config_01', 'GridUserService', 'GridUserServerURI', '${Environment|GridUserServerURI}'),
(3257, 'Config_01', 'AuthenticationService', 'AuthenticationServerURI', '${Environment|AuthenticationServerURI}'),
(3258, 'Config_01', 'FriendsService', 'FriendsServerURI', '${Environment|FriendsServerURI}'),
(3259, 'Config_01', 'HGInventoryAccessModule', 'HomeURI', '${Environment|HomeURI}'),
(3260, 'Config_01', 'HGInventoryAccessModule', 'Gatekeeper', '${Environment|Gatekeeper}'),
(3261, 'Config_01', 'HGAssetService', 'HomeURI', '${Environment|HomeURI}'),
(3262, 'Config_01', 'UserAgentService', 'UserAgentServerURI', '${Environment|UserAgentServerURI}'),
(3263, 'Config_01', 'AssetCache', 'CacheDirectory', '/var/cache/opensim/assetcache/${Environment|ZONE}'),
(3264, 'Config_01', 'AssetCache', 'LogLevel', '0'),
(3265, 'Config_01', 'AssetCache', 'HitRateDisplay', '100'),
(3266, 'Config_01', 'AssetCache', 'MemoryCacheEnabled', 'false'),
(3267, 'Config_01', 'AssetCache', 'FileCacheEnabled', 'true'),
(3268, 'Config_01', 'AssetCache', 'MemoryCacheTimeout', '2'),
(3269, 'Config_01', 'AssetCache', 'FileCacheTimeout', '48'),
(3270, 'Config_01', 'AssetCache', 'FileCleanupTimer', '1.0'),
(3271, 'Config_01', 'AssetCache', 'CacheDirectoryTiers', '3'),
(3272, 'Config_01', 'AssetCache', 'CacheDirectoryTierLength', '3'),
(3273, 'Config_01', 'AssetCache', 'CacheWarnAt', '30000'),
(3274, 'Config_02', 'Environment', 'DB_PASSWORD', ''),
(3275, 'Config_02', 'Environment', 'DB_USER', ''),
(3276, 'Config_02', 'Environment', 'DB_HOST', ''),
(3277, 'Config_02', 'Environment', 'ZONE', ''),
(3278, 'Config_02', 'Environment', 'HOSTNAME', ''),
(3279, 'Config_02', 'Environment', 'ESTATE_DATASOURCE', ''),
(3280, 'Config_02', 'Environment', 'ESTATE_DATABASE', ''),
(3281, 'Config_02', 'Environment', 'ESTATE_DATA_USER', ''),
(3282, 'Config_02', 'Environment', 'ESTATE_DATA_PASSWORD', ''),
(3283, 'Config_02', 'Environment', 'ESTATE_DATA_PORT', ''),
(3284, 'Config_02', 'Environment', 'DefaultEstateName', ''),
(3285, 'Config_02', 'Environment', 'DefaultEstateOwnerName', ''),
(3286, 'Config_02', 'Environment', 'MuteListURL', ''),
(3287, 'Config_02', 'Environment', 'MaptileURL', ''),
(3288, 'Config_02', 'Environment', 'Gatekeeper', ''),
(3289, 'Config_02', 'Environment', 'GridServerURI', ''),
(3290, 'Config_02', 'Environment', 'MapImageServerURI', ''),
(3291, 'Config_02', 'Environment', 'HomeURI', ''),
(3292, 'Config_02', 'Environment', 'UserAccountServerURI', ''),
(3293, 'Config_02', 'Environment', 'AvatarServerURI', ''),
(3294, 'Config_02', 'Environment', 'AuthenticationServerURI', ''),
(3295, 'Config_02', 'Environment', 'UserAgentServerURI', ''),
(3296, 'Config_02', 'Environment', 'PresenceServerURI', ''),
(3297, 'Config_02', 'Environment', 'InventoryServerURI', ''),
(3298, 'Config_02', 'Environment', 'FriendsServerURI', ''),
(3299, 'Config_02', 'Environment', 'GridInfoURI', ''),
(3300, 'Config_02', 'Environment', 'GridUserServerURI', ''),
(3301, 'Config_02', 'Environment', 'OfflineMessageURL', ''),
(3302, 'Config_02', 'Environment', 'GroupsServerURI', ''),
(3303, 'Config_02', 'Environment', 'AssetServerURI', ''),
(3304, 'Config_02', 'Startup', 'PIDFile', '/var/run/opensim/${Environment|ZONE}.pid'),
(3305, 'Config_02', 'Startup', 'region_info_source', 'web'),
(3306, 'Config_02', 'Startup', 'physics', 'BulletSim'),
(3307, 'Config_02', 'Startup', 'meshing', 'Meshmerizer'),
(3308, 'Config_02', 'Startup', 'physical_prim', 'true'),
(3309, 'Config_02', 'Startup', 'serverside_object_permissions', 'True'),
(3310, 'Config_02', 'Startup', 'storage_plugin', 'OpenSim.Data.SQLite.dll'),
(3311, 'Config_02', 'Startup', 'storage_connection_string', 'URI=file:OpenSim.db,version=3'),
(3312, 'Config_02', 'Startup', 'storage_prim_inventories', 'True'),
(3313, 'Config_02', 'Startup', 'startup_console_commands_file', 'startup_commands.txt'),
(3314, 'Config_02', 'Startup', 'shutdown_console_commands_file', 'shutdown_commands.txt'),
(3315, 'Config_02', 'Startup', 'DefaultScriptEngine', 'XEngine'),
(3316, 'Config_02', 'Startup', 'clientstack_plugin', 'OpenSim.Region.ClientStack.LindenUDP.dll'),
(3317, 'Config_02', 'Startup', 'EventQueue', 'True'),
(3318, 'Config_02', 'Startup', 'ConsolePrompt', 'Region (\\R)'),
(3319, 'Config_02', 'Startup', 'save_crashes', 'false'),
(3320, 'Config_02', 'Startup', 'crash_dir', 'crashes'),
(3321, 'Config_02', 'Startup', 'async_call_method', 'SmartThreadPool'),
(3322, 'Config_02', 'Startup', 'MaxPoolThreads', '15'),
(3323, 'Config_02', 'Startup', 'allow_regionless', 'false'),
(3324, 'Config_02', 'Startup', 'see_into_region', 'true'),
(3325, 'Config_02', 'Startup', 'MaxPrimUndos', '20'),
(3326, 'Config_02', 'Startup', 'NonPhysicalPrimMax', '256'),
(3327, 'Config_02', 'Startup', 'PhysicalPrimMax', '10'),
(3328, 'Config_02', 'Startup', 'ClampPrimSize', 'false'),
(3329, 'Config_02', 'Startup', 'LinksetPrims', '0'),
(3330, 'Config_02', 'Startup', 'AllowScriptCrossing', 'true'),
(3331, 'Config_02', 'Startup', 'TrustBinaries', 'true'),
(3332, 'Config_02', 'Startup', 'CombineContiguousRegions', 'false'),
(3333, 'Config_02', 'Startup', 'DefaultDrawDistance', '255.0'),
(3334, 'Config_02', 'Startup', 'InworldRestartShutsDown', 'false'),
(3335, 'Config_02', 'Startup', 'MinFrameTime', '0.089'),
(3336, 'Config_02', 'Startup', 'UpdateObjectsEveryNFrames', '1'),
(3337, 'Config_02', 'Startup', 'UpdateAgentsEveryNFrames', '1'),
(3338, 'Config_02', 'Startup', 'UpdateEntityMovementEveryNFrames', '1'),
(3339, 'Config_02', 'Startup', 'UpdateCoarseLocationsEveryNFrames', '50'),
(3340, 'Config_02', 'Startup', 'UpdatePhysicsEveryNFrames', '1'),
(3341, 'Config_02', 'Startup', 'UpdateTempCleaningEveryNFrames', '1000'),
(3342, 'Config_02', 'Startup', 'UpdateEventsEveryNFrames', '1'),
(3343, 'Config_02', 'Startup', 'UpdateTerrainEveryNFrames', '50'),
(3344, 'Config_02', 'Startup', 'UpdateStorageEveryNFrames', '200'),
(3345, 'Config_02', 'Startup', 'MinimumTimeBeforePersistenceConsidered', '60'),
(3346, 'Config_02', 'Startup', 'MaximumTimeBeforePersistenceConsidered', '600'),
(3347, 'Config_02', 'Startup', 'collidable_prim', 'true'),
(3348, 'Config_02', 'Startup', 'enableflyslow', 'false'),
(3349, 'Config_02', 'Startup', 'UseTrashOnDelete', 'True'),
(3350, 'Config_02', 'Startup', 'SpawnPointRouting', 'sequence'),
(3351, 'Config_02', 'Startup', 'WorldMapModule', 'HGWorldMap'),
(3352, 'Config_02', 'Startup', 'DecodedSculptMapPath', '/var/cache/opensim/${Environment|ZONE}/j2kDecodeCache'),
(3353, 'Config_02', 'Network', 'http_listener_port', '9000'),
(3354, 'Config_02', 'Network', 'ConsoleUser', 'Test'),
(3355, 'Config_02', 'Network', 'ConsolePass', 'secret'),
(3356, 'Config_02', 'Network', 'console_port', '0'),
(3357, 'Config_02', 'Network', 'http_listener_ssl', 'false'),
(3358, 'Config_02', 'Network', 'http_listener_cn', 'localhost'),
(3359, 'Config_02', 'Network', 'http_listener_sslport', '9001'),
(3360, 'Config_02', 'Network', 'http_listener_ssl_cert', ''),
(3361, 'Config_02', 'Network', 'shard', 'LinkinU'),
(3362, 'Config_02', 'Network', 'ExternalHostNameForLSL', '${Environment|HOSTNAME}'),
(3363, 'Config_02', 'Map', 'DrawPrimOnMapTile', 'true'),
(3364, 'Config_02', 'Map', 'TextureOnMapTile', 'true'),
(3365, 'Config_02', 'Map', 'MapImageModule', 'Warp3DImageModule'),
(3366, 'Config_02', 'Map', 'MaptileRefresh', '0'),
(3367, 'Config_02', 'Permissions', 'serverside_object_permissions', 'true'),
(3368, 'Config_02', 'Permissions', 'allow_grid_gods', 'true'),
(3369, 'Config_02', 'Permissions', 'permissionmodules', 'DefaultPermissionsModule,PrimLimitsModule'),
(3370, 'Config_02', 'Permissions', 'region_owner_is_god', 'false'),
(3371, 'Config_02', 'Permissions', 'region_manager_is_god', 'false'),
(3372, 'Config_02', 'Permissions', 'parcel_owner_is_god', 'false'),
(3373, 'Config_02', 'Permissions', 'simple_build_permissions', 'false'),
(3374, 'Config_02', 'RegionReady', 'enabled', 'true'),
(3375, 'Config_02', 'RegionReady', 'channel_notify', '-800'),
(3376, 'Config_02', 'RegionReady', 'login_disable', 'true'),
(3377, 'Config_02', 'EstateManagement', 'AllowRegionRestartFromClient', 'true'),
(3378, 'Config_02', 'UserProfiles', 'ProfileServiceURL', 'http://linkinulife.com:8002'),
(3379, 'Config_02', 'SMTP', 'enabled', 'false'),
(3380, 'Config_02', 'ClientStack.LindenUDP', 'enable_adaptive_throttles', 'true'),
(3381, 'Config_02', 'ClientStack.LindenCaps', 'Cap_AttachmentResources', ''),
(3382, 'Config_02', 'ClientStack.LindenCaps', 'Cap_ChatSessionRequest', ''),
(3383, 'Config_02', 'ClientStack.LindenCaps', 'Cap_CopyInventoryFromNotecard', 'localhost'),
(3384, 'Config_02', 'ClientStack.LindenCaps', 'Cap_DispatchRegionInfo', ''),
(3385, 'Config_02', 'ClientStack.LindenCaps', 'Cap_EstateChangeInfo', ''),
(3386, 'Config_02', 'ClientStack.LindenCaps', 'Cap_EnvironmentSettings', 'localhost'),
(3387, 'Config_02', 'ClientStack.LindenCaps', 'Cap_EventQueueGet', 'localhost'),
(3388, 'Config_02', 'ClientStack.LindenCaps', 'Cap_FetchInventory', ''),
(3389, 'Config_02', 'ClientStack.LindenCaps', 'Cap_ObjectMedia', 'localhost'),
(3390, 'Config_02', 'ClientStack.LindenCaps', 'Cap_ObjectMediaNavigate', 'localhost'),
(3391, 'Config_02', 'ClientStack.LindenCaps', 'Cap_FetchLib', ''),
(3392, 'Config_02', 'ClientStack.LindenCaps', 'Cap_FetchLibDescendents', ''),
(3393, 'Config_02', 'ClientStack.LindenCaps', 'Cap_GetDisplayNames', ''),
(3394, 'Config_02', 'ClientStack.LindenCaps', 'Cap_GetTexture', 'localhost'),
(3395, 'Config_02', 'ClientStack.LindenCaps', 'Cap_GetMesh', 'localhost'),
(3396, 'Config_02', 'ClientStack.LindenCaps', 'Cap_GetObjectCost', ''),
(3397, 'Config_02', 'ClientStack.LindenCaps', 'Cap_GetObjectPhysicsData', ''),
(3398, 'Config_02', 'ClientStack.LindenCaps', 'Cap_GroupProposalBallot', ''),
(3399, 'Config_02', 'ClientStack.LindenCaps', 'Cap_HomeLocation', ''),
(3400, 'Config_02', 'ClientStack.LindenCaps', 'Cap_LandResources', ''),
(3401, 'Config_02', 'ClientStack.LindenCaps', 'Cap_MapLayer', 'localhost'),
(3402, 'Config_02', 'ClientStack.LindenCaps', 'Cap_MapLayerGod', 'localhost'),
(3403, 'Config_02', 'ClientStack.LindenCaps', 'Cap_NewFileAgentInventory', 'localhost'),
(3404, 'Config_02', 'ClientStack.LindenCaps', 'Cap_NewFileAgentInventoryVariablePrice', 'localhost'),
(3405, 'Config_02', 'ClientStack.LindenCaps', 'Cap_ObjectAdd', 'localhost'),
(3406, 'Config_02', 'ClientStack.LindenCaps', 'Cap_ParcelPropertiesUpdate', 'localhost'),
(3407, 'Config_02', 'ClientStack.LindenCaps', 'Cap_ParcelMediaURLFilterList', ''),
(3408, 'Config_02', 'ClientStack.LindenCaps', 'Cap_ParcelNavigateMedia', ''),
(3409, 'Config_02', 'ClientStack.LindenCaps', 'Cap_ParcelVoiceInfoRequest', ''),
(3410, 'Config_02', 'ClientStack.LindenCaps', 'Cap_ProductInfoRequest', ''),
(3411, 'Config_02', 'ClientStack.LindenCaps', 'Cap_ProvisionVoiceAccountRequest', ''),
(3412, 'Config_02', 'ClientStack.LindenCaps', 'Cap_RemoteParcelRequest', 'localhost'),
(3413, 'Config_02', 'ClientStack.LindenCaps', 'Cap_RequestTextureDownload', ''),
(3414, 'Config_02', 'ClientStack.LindenCaps', 'Cap_SearchStatRequest', ''),
(3415, 'Config_02', 'ClientStack.LindenCaps', 'Cap_SearchStatTracking', ''),
(3416, 'Config_02', 'ClientStack.LindenCaps', 'Cap_SendPostcard', ''),
(3417, 'Config_02', 'ClientStack.LindenCaps', 'Cap_SendUserReport', ''),
(3418, 'Config_02', 'ClientStack.LindenCaps', 'Cap_SendUserReportWithScreenshot', ''),
(3419, 'Config_02', 'ClientStack.LindenCaps', 'Cap_ServerReleaseNotes', ''),
(3420, 'Config_02', 'ClientStack.LindenCaps', 'Cap_SimConsole', ''),
(3421, 'Config_02', 'ClientStack.LindenCaps', 'Cap_SimulatorFeatures', ''),
(3422, 'Config_02', 'ClientStack.LindenCaps', 'Cap_SetDisplayName', ''),
(3423, 'Config_02', 'ClientStack.LindenCaps', 'Cap_StartGroupProposal', ''),
(3424, 'Config_02', 'ClientStack.LindenCaps', 'Cap_TextureStats', ''),
(3425, 'Config_02', 'ClientStack.LindenCaps', 'Cap_UntrustedSimulatorMessage', ''),
(3426, 'Config_02', 'ClientStack.LindenCaps', 'Cap_UpdateAgentInformation', ''),
(3427, 'Config_02', 'ClientStack.LindenCaps', 'Cap_UpdateAgentLanguage', ''),
(3428, 'Config_02', 'ClientStack.LindenCaps', 'Cap_UpdateGestureAgentInventory', ''),
(3429, 'Config_02', 'ClientStack.LindenCaps', 'Cap_UpdateNotecardAgentInventory', 'localhost'),
(3430, 'Config_02', 'ClientStack.LindenCaps', 'Cap_UpdateScriptAgent', 'localhost'),
(3431, 'Config_02', 'ClientStack.LindenCaps', 'Cap_UpdateGestureTaskInventory', ''),
(3432, 'Config_02', 'ClientStack.LindenCaps', 'Cap_UpdateNotecardTaskInventory', 'localhost'),
(3433, 'Config_02', 'ClientStack.LindenCaps', 'Cap_UpdateScriptTask', 'localhost'),
(3434, 'Config_02', 'ClientStack.LindenCaps', 'Cap_UploadBakedTexture', 'localhost'),
(3435, 'Config_02', 'ClientStack.LindenCaps', 'Cap_UploadObjectAsset', 'localhost'),
(3436, 'Config_02', 'ClientStack.LindenCaps', 'Cap_ViewerStartAuction', ''),
(3437, 'Config_02', 'ClientStack.LindenCaps', 'Cap_ViewerStats', ''),
(3438, 'Config_02', 'ClientStack.LindenCaps', 'Cap_WebFetchInventoryDescendents', ''),
(3439, 'Config_02', 'ClientStack.LindenCaps', 'Cap_FetchInventoryDescendents2', 'localhost'),
(3440, 'Config_02', 'ClientStack.LindenCaps', 'Cap_FetchInventory2', 'localhost'),
(3441, 'Config_02', 'ClientStack.LindenCaps', 'Cap_AvatarPickerSearch', 'localhost'),
(3442, 'Config_02', 'Chat', 'enabled', 'true'),
(3443, 'Config_02', 'Chat', 'whisper_distance', '10'),
(3444, 'Config_02', 'Chat', 'say_distance', '20'),
(3445, 'Config_02', 'Chat', 'shout_distance', '100'),
(3446, 'Config_02', 'EntityTransfer', 'max_distance', '4095'),
(3447, 'Config_02', 'EntityTransfer', 'LevelHGTeleport', '0'),
(3448, 'Config_02', 'EntityTransfer', 'DisableInterRegionTeleportCancellation', 'false'),
(3449, 'Config_02', 'Messaging', 'InstantMessageModule', 'InstantMessageModule'),
(3450, 'Config_02', 'Messaging', 'OfflineMessageModule', 'Offline Message Module V2'),
(3451, 'Config_02', 'Messaging', 'OfflineMessageURL', '${Environment|OfflineMessageURL}'),
(3452, 'Config_02', 'Messaging', 'MuteListModule', 'MuteListModule'),
(3453, 'Config_02', 'Messaging', 'MuteListURL', '${Environment|MuteListURL}'),
(3454, 'Config_02', 'Messaging', 'ForwardOfflineGroupMessages', 'true'),
(3455, 'Config_02', 'Messaging', 'MessageTransferModule', 'HGMessageTransferModule'),
(3456, 'Config_02', 'Messaging', 'LureModule', 'HGLureModule'),
(3457, 'Config_02', 'Messaging', 'Gatekeeper', '${Environment|Gatekeeper}'),
(3458, 'Config_02', 'Inventory', 'CoalesceMultipleObjectsToInventory', 'true'),
(3459, 'Config_02', 'Appearance', 'PersistBakedTextures', 'false'),
(3460, 'Config_02', 'Appearance', 'DelayBeforeAppearanceSave', '5'),
(3461, 'Config_02', 'Appearance', 'DelayBeforeAppearanceSend', '2'),
(3462, 'Config_02', 'Appearance', 'ResendAppearanceUpdates', 'true'),
(3463, 'Config_02', 'Appearance', 'ReuseTextures', 'false'),
(3464, 'Config_02', 'Attachments', 'Enabled', 'true'),
(3465, 'Config_02', 'Attachments', 'ThrottlePer100PrimsRezzed', '0'),
(3466, 'Config_02', 'Mesh', 'AllowMeshUpload', 'true'),
(3467, 'Config_02', 'Mesh', 'UseMeshiesPhysicsMesh', 'true'),
(3468, 'Config_02', 'Textures', 'ReuseDynamicTextures', 'false'),
(3469, 'Config_02', 'Textures', 'ReuseDynamicLowDataTextures', 'false'),
(3470, 'Config_02', 'ODEPhysicsSettings', 'collect_stats', 'false'),
(3471, 'Config_02', 'ODEPhysicsSettings', 'world_gravityx', '0'),
(3472, 'Config_02', 'ODEPhysicsSettings', 'world_gravityy', '0'),
(3473, 'Config_02', 'ODEPhysicsSettings', 'world_gravityz', '-9.8'),
(3474, 'Config_02', 'ODEPhysicsSettings', 'avatar_terminal_velocity', '54'),
(3475, 'Config_02', 'ODEPhysicsSettings', 'world_stepsize', '0.0178'),
(3476, 'Config_02', 'ODEPhysicsSettings', 'world_internal_steps_without_collisions', '10'),
(3477, 'Config_02', 'ODEPhysicsSettings', 'world_hashspace_size_low', '-4'),
(3478, 'Config_02', 'ODEPhysicsSettings', 'world_hashSpace_size_high', '128'),
(3479, 'Config_02', 'ODEPhysicsSettings', 'meters_in_small_space', '29.9'),
(3480, 'Config_02', 'ODEPhysicsSettings', 'small_hashspace_size_low', '-4'),
(3481, 'Config_02', 'ODEPhysicsSettings', 'small_hashspace_size_high', '66'),
(3482, 'Config_02', 'ODEPhysicsSettings', 'world_contact_surface_layer', '0.001'),
(3483, 'Config_02', 'ODEPhysicsSettings', 'filter_collisions', 'false'),
(3484, 'Config_02', 'ODEPhysicsSettings', 'nm_terraincontact_friction', '255.0'),
(3485, 'Config_02', 'ODEPhysicsSettings', 'nm_terraincontact_bounce', '0.1'),
(3486, 'Config_02', 'ODEPhysicsSettings', 'nm_terraincontact_erp', '0.1025'),
(3487, 'Config_02', 'ODEPhysicsSettings', 'm_terraincontact_friction', '75.0'),
(3488, 'Config_02', 'ODEPhysicsSettings', 'm_terraincontact_bounce', '0.05'),
(3489, 'Config_02', 'ODEPhysicsSettings', 'm_terrainContact_erp', '0.05025'),
(3490, 'Config_02', 'ODEPhysicsSettings', 'm_avatarobjectcontact_friction', '75.0'),
(3491, 'Config_02', 'ODEPhysicsSettings', 'm_avatarobjectcontact_bounce', '0.1'),
(3492, 'Config_02', 'ODEPhysicsSettings', 'objectcontact_friction', '250.0'),
(3493, 'Config_02', 'ODEPhysicsSettings', 'objectcontact_bounce', '0.2'),
(3494, 'Config_02', 'ODEPhysicsSettings', 'av_pid_derivative_linux', '2200.0'),
(3495, 'Config_02', 'ODEPhysicsSettings', 'av_pid_proportional_linux', '900.0'),
(3496, 'Config_02', 'ODEPhysicsSettings', 'av_pid_derivative_win', '2200.0'),
(3497, 'Config_02', 'ODEPhysicsSettings', 'av_pid_proportional_win', '900.0'),
(3498, 'Config_02', 'ODEPhysicsSettings', 'av_capsule_radius', '0.37'),
(3499, 'Config_02', 'ODEPhysicsSettings', 'av_capsule_standup_tensor_win', '550000'),
(3500, 'Config_02', 'ODEPhysicsSettings', 'av_capsule_standup_tensor_linux', '550000'),
(3501, 'Config_02', 'ODEPhysicsSettings', 'av_capsule_tilted', 'false'),
(3502, 'Config_02', 'ODEPhysicsSettings', 'av_density', '80'),
(3503, 'Config_02', 'ODEPhysicsSettings', 'av_movement_divisor_walk', '1.3'),
(3504, 'Config_02', 'ODEPhysicsSettings', 'av_movement_divisor_run', '0.8'),
(3505, 'Config_02', 'ODEPhysicsSettings', 'minimum_ground_flight_offset', '3.0'),
(3506, 'Config_02', 'ODEPhysicsSettings', 'av_planted', 'false'),
(3507, 'Config_02', 'ODEPhysicsSettings', 'av_av_collisions_off', 'false'),
(3508, 'Config_02', 'ODEPhysicsSettings', 'geometry_default_density', '10.000006836'),
(3509, 'Config_02', 'ODEPhysicsSettings', 'body_frames_auto_disable', '20'),
(3510, 'Config_02', 'ODEPhysicsSettings', 'body_pid_derivative', '35'),
(3511, 'Config_02', 'ODEPhysicsSettings', 'body_pid_gain', '25'),
(3512, 'Config_02', 'ODEPhysicsSettings', 'contacts_per_collision', '80'),
(3513, 'Config_02', 'ODEPhysicsSettings', 'geom_crossing_failures_before_outofbounds', '5'),
(3514, 'Config_02', 'ODEPhysicsSettings', 'geom_contactpoints_start_throttling', '3'),
(3515, 'Config_02', 'ODEPhysicsSettings', 'geom_updates_before_throttled_update', '15'),
(3516, 'Config_02', 'ODEPhysicsSettings', 'body_motor_joint_maxforce_tensor_linux', '5'),
(3517, 'Config_02', 'ODEPhysicsSettings', 'body_motor_joint_maxforce_tensor_win', '5'),
(3518, 'Config_02', 'ODEPhysicsSettings', 'maximum_mass_object', '10000.01'),
(3519, 'Config_02', 'ODEPhysicsSettings', 'mesh_sculpted_prim', 'true'),
(3520, 'Config_02', 'ODEPhysicsSettings', 'mesh_lod', '32'),
(3521, 'Config_02', 'ODEPhysicsSettings', 'mesh_physical_lod', '16'),
(3522, 'Config_02', 'BulletSim', 'BulletEngine', 'bulletunmanaged'),
(3523, 'Config_02', 'BulletSim', 'UseSeparatePhysicsThread', 'false'),
(3524, 'Config_02', 'BulletSim', 'TerrainImplementation', '1'),
(3525, 'Config_02', 'BulletSim', 'TerrainMeshMagnification', '2'),
(3526, 'Config_02', 'BulletSim', 'AvatarHeightLowFudge', '-0.2'),
(3527, 'Config_02', 'BulletSim', 'AvatarHeightMidFudge', '0.1'),
(3528, 'Config_02', 'BulletSim', 'AvatarHeightHighFudge', '0.1'),
(3529, 'Config_02', 'BulletSim', 'LinkImplementation', '1'),
(3530, 'Config_02', 'BulletSim', 'LinksetOffsetCenterOfMass', 'false'),
(3531, 'Config_02', 'BulletSim', 'MeshSculptedPrim', 'true'),
(3532, 'Config_02', 'BulletSim', 'ForceSimplePrimMeshing', 'false'),
(3533, 'Config_02', 'BulletSim', 'ShouldRemoveZeroWidthTriangles', 'true'),
(3534, 'Config_02', 'BulletSim', 'ShouldUseAssetHulls', 'true'),
(3535, 'Config_02', 'BulletSim', 'MaxCollisionsPerFrame', '2048'),
(3536, 'Config_02', 'BulletSim', 'MaxUpdatesPerFrame', '8192'),
(3537, 'Config_02', 'BulletSim', 'PhysicsLoggingEnabled', 'False'),
(3538, 'Config_02', 'BulletSim', 'PhysicsLoggingDir', '.'),
(3539, 'Config_02', 'BulletSim', 'VehicleLoggingEnabled', 'False'),
(3540, 'Config_02', 'RemoteAdmin', 'enabled', 'false'),
(3541, 'Config_02', 'RemoteAdmin', 'port', '0'),
(3542, 'Config_02', 'RemoteAdmin', 'bind_ip_address', '0.0.0.0'),
(3543, 'Config_02', 'RemoteAdmin', 'access_password', 'unknown'),
(3544, 'Config_02', 'RemoteAdmin', 'create_region_enable_voice', 'false'),
(3545, 'Config_02', 'RemoteAdmin', 'create_region_public', 'false'),
(3546, 'Config_02', 'RemoteAdmin', 'region_file_template', '{0}x{1}-{2}.ini'),
(3547, 'Config_02', 'RemoteAdmin', 'enabled_methods', 'all'),
(3548, 'Config_02', 'IRC', 'enabled', 'false'),
(3549, 'Config_02', 'Wind', 'enabled', 'true'),
(3550, 'Config_02', 'Wind', 'wind_update_rate', '150'),
(3551, 'Config_02', 'Wind', 'wind_plugin', 'SimpleRandomWind'),
(3552, 'Config_02', 'Wind', 'strength', '1.0'),
(3553, 'Config_02', 'Cloud', 'enabled', 'false'),
(3554, 'Config_02', 'Cloud', 'density', '0.5'),
(3555, 'Config_02', 'Cloud', 'cloud_update_rate', '1000'),
(3556, 'Config_02', 'LightShare', 'enable_windlight', 'false'),
(3557, 'Config_02', 'Trees', 'active_trees', 'false'),
(3558, 'Config_02', 'Trees', 'tree_density', '1000.0'),
(3559, 'Config_02', 'LL-Functions', 'AllowGodFunctions', 'false'),
(3560, 'Config_02', 'LL-Functions', 'max_listens_per_region', '1000'),
(3561, 'Config_02', 'LL-Functions', 'max_listens_per_script', '64'),
(3562, 'Config_02', 'LL-Functions', 'max_external_urls_per_simulator', '100'),
(3563, 'Config_02', 'DataSnapshot', 'index_sims', 'false'),
(3564, 'Config_02', 'DataSnapshot', 'data_exposure', 'minimum'),
(3565, 'Config_02', 'DataSnapshot', 'gridname', 'OSGrid'),
(3566, 'Config_02', 'DataSnapshot', 'default_snapshot_period', '1200'),
(3567, 'Config_02', 'DataSnapshot', 'snapshot_cache_directory', 'DataSnapshot'),
(3568, 'Config_02', 'Economy', 'SellEnabled', 'false'),
(3569, 'Config_02', 'Economy', 'PriceUpload', '0'),
(3570, 'Config_02', 'Economy', 'PriceGroupCreate', '0'),
(3571, 'Config_02', 'Economy', 'ObjectCount', '0'),
(3572, 'Config_02', 'Economy', 'PriceEnergyUnit', '100'),
(3573, 'Config_02', 'Economy', 'PriceObjectClaim', '10'),
(3574, 'Config_02', 'Economy', 'PricePublicObjectDecay', '4'),
(3575, 'Config_02', 'Economy', 'PricePublicObjectDelete', '4'),
(3576, 'Config_02', 'Economy', 'PriceParcelClaim', '1'),
(3577, 'Config_02', 'Economy', 'PriceParcelClaimFactor', '1'),
(3578, 'Config_02', 'Economy', 'PriceRentLight', '5'),
(3579, 'Config_02', 'Economy', 'TeleportMinPrice', '2'),
(3580, 'Config_02', 'Economy', 'TeleportPriceExponent', '2'),
(3581, 'Config_02', 'Economy', 'EnergyEfficiency', '1'),
(3582, 'Config_02', 'Economy', 'PriceObjectRent', '1'),
(3583, 'Config_02', 'Economy', 'PriceObjectScaleFactor', '10'),
(3584, 'Config_02', 'Economy', 'PriceParcelRent', '1'),
(3585, 'Config_02', 'XEngine', 'Enabled', 'true'),
(3586, 'Config_02', 'XEngine', 'MinThreads', '2'),
(3587, 'Config_02', 'XEngine', 'MaxThreads', '100'),
(3588, 'Config_02', 'XEngine', 'IdleTimeout', '60'),
(3589, 'Config_02', 'XEngine', 'Priority', 'BelowNormal'),
(3590, 'Config_02', 'XEngine', 'MaxScriptEventQueue', '300'),
(3591, 'Config_02', 'XEngine', 'ThreadStackSize', '262144'),
(3592, 'Config_02', 'XEngine', 'AppDomainLoading', 'false'),
(3593, 'Config_02', 'XEngine', 'ScriptStopStrategy', 'co-op'),
(3594, 'Config_02', 'XEngine', 'WriteScriptSourceToDebugFile', 'false'),
(3595, 'Config_02', 'XEngine', 'DefaultCompileLanguage', 'lsl'),
(3596, 'Config_02', 'XEngine', 'AllowedCompilers', 'lsl'),
(3597, 'Config_02', 'XEngine', 'CompileWithDebugInformation', 'true'),
(3598, 'Config_02', 'XEngine', 'AllowMODFunctions', 'true'),
(3599, 'Config_02', 'XEngine', 'AllowOSFunctions', 'true'),
(3600, 'Config_02', 'XEngine', 'AllowLightShareFunctions', 'true'),
(3601, 'Config_02', 'XEngine', 'OSFunctionThreatLevel', 'VeryLow'),
(3602, 'Config_02', 'XEngine', 'SaveInterval', '120'),
(3603, 'Config_02', 'XEngine', 'MaintenanceInterval', '10'),
(3604, 'Config_02', 'XEngine', 'EventLimit', '30'),
(3605, 'Config_02', 'XEngine', 'KillTimedOutScripts', 'false'),
(3606, 'Config_02', 'XEngine', 'WaitForEventCompletionOnScriptStop', '1000'),
(3607, 'Config_02', 'XEngine', 'ScriptDelayFactor', '1.0'),
(3608, 'Config_02', 'XEngine', 'ScriptDistanceLimitFactor', '1.0'),
(3609, 'Config_02', 'XEngine', 'SensorMaxRange', '96.0'),
(3610, 'Config_02', 'XEngine', 'SensorMaxResults', '16'),
(3611, 'Config_02', 'XEngine', 'DeleteScriptsOnStartup', 'false'),
(3612, 'Config_02', 'XEngine', 'ScriptEnginesPath', '/var/lib/opensim/scripts/${Environment|ZONE}'),
(3613, 'Config_02', 'Concierge', 'enabled', 'false'),
(3614, 'Config_02', 'Concierge', 'whoami', 'jeeves'),
(3615, 'Config_02', 'Concierge', 'password', 'SECRET'),
(3616, 'Config_02', 'Concierge', 'regions', '^MeetingSpace-'),
(3617, 'Config_02', 'Concierge', 'welcomes', '/path/to/welcome/template/directory'),
(3618, 'Config_02', 'Concierge', 'broker', 'http://broker.place.com/{1}'),
(3619, 'Config_02', 'MRM', 'Enabled', 'false'),
(3620, 'Config_02', 'MRM', 'Sandboxed', 'true'),
(3621, 'Config_02', 'MRM', 'SandboxLevel', 'Internet'),
(3622, 'Config_02', 'MRM', 'OwnerOnly', 'true'),
(3623, 'Config_02', 'Hypergrid', 'safemode', 'false'),
(3624, 'Config_02', 'Hypergrid', 'HomeURI', '${Environment|HomeURI}'),
(3625, 'Config_02', 'Hypergrid', 'GatekeeperURI', 'http://linkinulife.com:8002'),
(3626, 'Config_02', 'VivoxVoice', 'enabled', 'false'),
(3627, 'Config_02', 'VivoxVoice', 'vivox_server', 'www.foobar.vivox.com'),
(3628, 'Config_02', 'VivoxVoice', 'vivox_sip_uri', 'foobar.vivox.com'),
(3629, 'Config_02', 'VivoxVoice', 'vivox_admin_user', 'DeepThroat'),
(3630, 'Config_02', 'VivoxVoice', 'vivox_admin_password', 'VoiceG4te'),
(3631, 'Config_02', 'Groups', 'Enabled', 'true'),
(3632, 'Config_02', 'Groups', 'Module', 'Groups Module V2'),
(3633, 'Config_02', 'Groups', 'DebugEnabled', 'true'),
(3634, 'Config_02', 'Groups', 'GroupsCacheTimeout', '30'),
(3635, 'Config_02', 'Groups', 'MessagingModule', 'Groups Messaging Module V2'),
(3636, 'Config_02', 'Groups', 'MessageOnlineUsersOnly', 'false'),
(3637, 'Config_02', 'Groups', 'LevelGroupCreate', '0'),
(3638, 'Config_02', 'Groups', 'ServicesConnectorModule', 'Groups HG Service Connector'),
(3639, 'Config_02', 'Groups', 'LocalService', 'remote'),
(3640, 'Config_02', 'Groups', 'GroupsServerURI', '${Environment|GroupsServerURI}'),
(3641, 'Config_02', 'Groups', 'MessagingEnabled', 'true'),
(3642, 'Config_02', 'Groups', 'NoticesEnabled', 'true'),
(3643, 'Config_02', 'PacketPool', 'RecycleBaseUDPPackets', 'true'),
(3644, 'Config_02', 'InterestManagement', 'UpdatePrioritizationScheme', 'BestAvatarResponsiveness'),
(3645, 'Config_02', 'InterestManagement', 'ReprioritizationEnabled', 'true'),
(3646, 'Config_02', 'InterestManagement', 'ReprioritizationInterval', '2000.0'),
(3647, 'Config_02', 'InterestManagement', 'RootReprioritizationDistance', '10.0'),
(3648, 'Config_02', 'InterestManagement', 'ChildReprioritizationDistance', '20.0'),
(3649, 'Config_02', 'Monitoring', 'Enabled', 'true'),
(3650, 'Config_02', 'MediaOnAPrim', 'Enabled', 'true'),
(3651, 'Config_02', 'NPC', 'Enabled', 'false'),
(3652, 'Config_02', 'Terrain', 'InitialTerrain', 'pinhead-island'),
(3653, 'Config_02', 'SimianGridMaptiles', 'Enabled', 'False'),
(3654, 'Config_02', 'SimianGridMaptiles', 'MaptileURL', 'http://www.mygrid.com/Grid/'),
(3655, 'Config_02', 'SimianGridMaptiles', 'RefreshTime', '3600'),
(3656, 'Config_02', 'JsonStore', 'Enabled', 'False'),
(3657, 'Config_02', 'JsonStore', 'EnableObjectStore', 'False'),
(3658, 'Config_02', 'JsonStore', 'MaxStringSpace', '0'),
(3659, 'Config_02', 'AssetService', 'DefaultAssetLoader', 'OpenSim.Framework.AssetLoader.Filesystem.dll'),
(3660, 'Config_02', 'AssetService', 'AssetLoaderArgs', 'assets/AssetSets.xml'),
(3661, 'Config_02', 'AssetService', 'AssetLoaderEnabled', 'true'),
(3662, 'Config_02', 'AssetService', 'LocalGridAssetService', 'OpenSim.Services.Connectors.dll:AssetServicesConnector'),
(3663, 'Config_02', 'AssetService', 'HypergridAssetService', 'OpenSim.Services.Connectors.dll:HGAssetServiceConnector'),
(3664, 'Config_02', 'AssetService', 'AssetServerURI', '${Environment|AssetServerURI}'),
(3665, 'Config_02', 'GridService', 'StorageProvider', 'OpenSim.Data.Null.dll:NullRegionData'),
(3666, 'Config_02', 'GridService', 'LocalServiceModule', 'OpenSim.Services.GridService.dll:GridService'),
(3667, 'Config_02', 'GridService', 'NetworkConnector', 'OpenSim.Services.Connectors.dll:GridServicesConnector'),
(3668, 'Config_02', 'GridService', 'AssetService', 'OpenSim.Services.Connectors.dll:AssetServicesConnector'),
(3669, 'Config_02', 'GridService', 'HypergridLinker', 'true'),
(3670, 'Config_02', 'GridService', 'AllowHypergridMapSearch', 'true'),
(3671, 'Config_02', 'GridService', 'GridServerURI', '${Environment|GridServerURI}'),
(3672, 'Config_02', 'GridService', 'MapTileDirectory', '/home/jamesh/work/staging/production/maptiles'),
(3673, 'Config_02', 'GridService', 'Gatekeeper', '${Environment|Gatekeeper}'),
(3674, 'Config_02', 'AutoBackupModule', 'AutoBackupModuleEnabled', 'false'),
(3675, 'Config_02', 'Sounds', 'Module', 'OpenSim.Region.CoreModules.dll:SoundModule'),
(3676, 'Config_02', 'Sounds', 'MaxDistance', '100.0'),
(3677, 'Config_02', 'ServiceThrottle', 'Interval', '5000'),
(3678, 'Config_02', 'Modules', 'AssetServices', 'HGAssetBroker'),
(3679, 'Config_02', 'Modules', 'InventoryServices', 'HGInventoryBroker'),
(3680, 'Config_02', 'Modules', 'GridServices', 'RemoteGridServicesConnector'),
(3681, 'Config_02', 'Modules', 'AvatarServices', 'RemoteAvatarServicesConnector'),
(3682, 'Config_02', 'Modules', 'NeighbourServices', 'RemoteNeighbourServicesConnector'),
(3683, 'Config_02', 'Modules', 'AuthenticationServices', 'RemoteAuthenticationServicesConnector'),
(3684, 'Config_02', 'Modules', 'AuthorizationServices', 'LocalAuthorizationServicesConnector'),
(3685, 'Config_02', 'Modules', 'PresenceServices', 'RemotePresenceServicesConnector'),
(3686, 'Config_02', 'Modules', 'UserAccountServices', 'RemoteUserAccountServicesConnector'),
(3687, 'Config_02', 'Modules', 'GridUserServices', 'RemoteGridUserServicesConnector'),
(3688, 'Config_02', 'Modules', 'SimulationServices', 'RemoteSimulationConnectorModule'),
(3689, 'Config_02', 'Modules', 'EntityTransferModule', 'HGEntityTransferModule'),
(3690, 'Config_02', 'Modules', 'InventoryAccessModule', 'HGInventoryAccessModule'),
(3691, 'Config_02', 'Modules', 'LandServices', 'RemoteLandServicesConnector'),
(3692, 'Config_02', 'Modules', 'FriendsModule', 'HGFriendsModule'),
(3693, 'Config_02', 'Modules', 'MapImageService', 'MapImageServiceModule'),
(3694, 'Config_02', 'Modules', 'UserManagementModule', 'HGUserManagementModule'),
(3695, 'Config_02', 'Modules', 'SearchModule', 'BasicSearchModule'),
(3696, 'Config_02', 'Modules', 'LandServiceInConnector', 'true'),
(3697, 'Config_02', 'Modules', 'NeighbourServiceInConnector', 'true'),
(3698, 'Config_02', 'Modules', 'SimulationServiceInConnector', 'true'),
(3699, 'Config_02', 'Modules', 'LibraryModule', 'true'),
(3700, 'Config_02', 'Modules', 'AssetCaching', 'FlotsamAssetCache'),
(3701, 'Config_02', 'Estates', 'DefaultEstateName', '${Environment|DefaultEstateName}'),
(3702, 'Config_02', 'Estates', 'DefaultEstateOwnerName', '${Environment|DefaultEstateOwnerName}'),
(3703, 'Config_02', 'SimulatorFeatures', 'MapImageServerURI', 'http://linkinulife.com:9000/'),
(3704, 'Config_02', 'Profile', 'Module', 'BasicProfileModule'),
(3705, 'Config_02', 'SimulationDataStore', 'LocalServiceModule', 'OpenSim.Services.Connectors.dll:SimulationDataService'),
(3706, 'Config_02', 'EstateDataStore', 'LocalServiceModule', 'OpenSim.Services.Connectors.dll:EstateDataService'),
(3707, 'Config_02', 'InventoryService', 'LocalGridInventoryService', 'OpenSim.Region.CoreModules.dll:RemoteXInventoryServicesConnector'),
(3708, 'Config_02', 'InventoryService', 'InventoryServerURI', '${Environment|InventoryServerURI}'),
(3709, 'Config_02', 'LibraryService', 'LocalServiceModule', 'OpenSim.Services.InventoryService.dll:LibraryService'),
(3710, 'Config_02', 'LibraryService', 'LibraryName', 'OpenSim Library'),
(3711, 'Config_02', 'LibraryService', 'DefaultLibrary', './inventory/Libraries.xml'),
(3712, 'Config_02', 'Friends', 'Connector', 'OpenSim.Services.Connectors.dll:FriendsServicesConnector'),
(3713, 'Config_02', 'HGInstantMessageService', 'LocalServiceModule', 'OpenSim.Services.HypergridService.dll:HGInstantMessageService'),
(3714, 'Config_02', 'HGInstantMessageService', 'GridService', 'OpenSim.Services.Connectors.dll:GridServicesConnector'),
(3715, 'Config_02', 'HGInstantMessageService', 'PresenceService', 'OpenSim.Services.Connectors.dll:PresenceServicesConnector'),
(3716, 'Config_02', 'HGInstantMessageService', 'UserAgentService', 'OpenSim.Services.Connectors.dll:UserAgentServiceConnector'),
(3717, 'Config_02', 'MapImageService', 'LocalServiceModule', 'OpenSim.Services.Connectors.dll:MapImageServicesConnector'),
(3718, 'Config_02', 'MapImageService', 'RefreshTime', '60'),
(3719, 'Config_02', 'MapImageService', 'MapImageServerURI', '${Environment|MapImageServerURI}'),
(3720, 'Config_02', 'DatabaseService', 'StorageProvider', 'OpenSim.Data.MySQL.dll'),
(3721, 'Config_02', 'DatabaseService', 'ConnectionString', 'Data Source=${Environment|DB_HOST};Database=${Environment|ZONE};User ID=${Environment|DB_USER};Password=${Environment|DB_PASSWORD};Old Guids=true;'),
(3722, 'Config_02', 'DatabaseService', 'EstateConnectionString', 'Data Source=${Environment|ESTATE_DATASOURCE};Port=${Environment|ESTATE_DATA_PORT};Database=${Environment|ESTATE_DATABASE};User ID=${Environment|ESTATE_DATA_USER};Password=${Environment|ESTATE_DATA_PASSWORD};'),
(3723, 'Config_02', 'GridInfo', 'GridInfoURI', '${Environment|GridInfoURI}'),
(3724, 'Config_02', 'AvatarService', 'AvatarServerURI', '${Environment|AvatarServerURI}'),
(3725, 'Config_02', 'PresenceService', 'PresenceServerURI', '${Environment|PresenceServerURI}'),
(3726, 'Config_02', 'UserAccountService', 'UserAccountServerURI', '${Environment|UserAccountServerURI}'),
(3727, 'Config_02', 'GridUserService', 'GridUserServerURI', '${Environment|GridUserServerURI}'),
(3728, 'Config_02', 'AuthenticationService', 'AuthenticationServerURI', '${Environment|AuthenticationServerURI}'),
(3729, 'Config_02', 'FriendsService', 'FriendsServerURI', '${Environment|FriendsServerURI}'),
(3730, 'Config_02', 'HGInventoryAccessModule', 'HomeURI', '${Environment|HomeURI}'),
(3731, 'Config_02', 'HGInventoryAccessModule', 'Gatekeeper', '${Environment|Gatekeeper}'),
(3732, 'Config_02', 'HGAssetService', 'HomeURI', '${Environment|HomeURI}'),
(3733, 'Config_02', 'UserAgentService', 'UserAgentServerURI', '${Environment|UserAgentServerURI}'),
(3734, 'Config_02', 'AssetCache', 'CacheDirectory', '/var/cache/opensim/assetcache/${Environment|ZONE}'),
(3735, 'Config_02', 'AssetCache', 'LogLevel', '0'),
(3736, 'Config_02', 'AssetCache', 'HitRateDisplay', '100'),
(3737, 'Config_02', 'AssetCache', 'MemoryCacheEnabled', 'false'),
(3738, 'Config_02', 'AssetCache', 'FileCacheEnabled', 'true'),
(3739, 'Config_02', 'AssetCache', 'MemoryCacheTimeout', '2'),
(3740, 'Config_02', 'AssetCache', 'FileCacheTimeout', '48'),
(3741, 'Config_02', 'AssetCache', 'FileCleanupTimer', '1.0'),
(3742, 'Config_02', 'AssetCache', 'CacheDirectoryTiers', '3'),
(3743, 'Config_02', 'AssetCache', 'CacheDirectoryTierLength', '3'),
(3744, 'Config_02', 'AssetCache', 'CacheWarnAt', '30000');

-- --------------------------------------------------------

--
-- Table structure for table `grid_space_regionconfig`
--

CREATE TABLE IF NOT EXISTS `grid_space_regionconfig` (
  `id` int(11) NOT NULL AUTO_INCREMENT,
  `zone_id` varchar(36) NOT NULL,
  `enabled` tinyint(1) NOT NULL,
  `access_state` varchar(32) NOT NULL,
  `sim_name` varchar(255) NOT NULL,
  `sim_UUID` varchar(36) NOT NULL,
  `sim_location_x` varchar(16) NOT NULL,
  `sim_location_y` varchar(16) NOT NULL,
  `scope_id` varchar(36) NOT NULL,
  `region_type` varchar(64) NOT NULL,
  `internal_ip_address` varchar(16) NOT NULL,
  `external_host_name` varchar(64) NOT NULL,
  `internal_ip_port` varchar(12) NOT NULL,
  `allow_alternate_ports` tinyint(1) NOT NULL,
  `lastmap_uuid` varchar(36) NOT NULL,
  `region_static_maptile` varchar(36) NOT NULL,
  `lastmap_refresh` tinyint(1) NOT NULL,
  `nonphysical_prim_max` varchar(4) NOT NULL,
  `physical_prim_max` varchar(4) NOT NULL,
  `clamp_prim_size` tinyint(1) NOT NULL,
  `object_capactiy` varchar(8) NOT NULL,
  `linkset_capactiy` varchar(8) NOT NULL,
  `agent_capacity` varchar(3) NOT NULL,
  PRIMARY KEY (`id`),
  UNIQUE KEY `sim_name` (`sim_name`),
  KEY `grid_space_regionconfig_01ca90a3` (`zone_id`)
) ENGINE=InnoDB  DEFAULT CHARSET=utf8 AUTO_INCREMENT=9 ;

--
-- Dumping data for table `grid_space_regionconfig`
--

INSERT INTO `grid_space_regionconfig` (`id`, `zone_id`, `enabled`, `access_state`, `sim_name`, `sim_UUID`, `sim_location_x`, `sim_location_y`, `scope_id`, `region_type`, `internal_ip_address`, `external_host_name`, `internal_ip_port`, `allow_alternate_ports`, `lastmap_uuid`, `region_static_maptile`, `lastmap_refresh`, `nonphysical_prim_max`, `physical_prim_max`, `clamp_prim_size`, `object_capactiy`, `linkset_capactiy`, `agent_capacity`) VALUES
(8, 'd3be6625-e730-42d9-8472-bb6496666b3d', 1, 'Down', 'Simon Tester 0', '8b438df2-9f7a-48a6-b2c7-58f398793f7d', '1006', '1006', '00000000-0000-0000-0000-000000000000', 'Mainland', '5.9.107.18', '5.9.107.18', '9001', 0, '', '', 0, '256', '10', 0, '15000', '15000', '100');

-- --------------------------------------------------------

--
-- Table structure for table `grid_space_zone`
--

CREATE TABLE IF NOT EXISTS `grid_space_zone` (
  `host_id` varchar(36) NOT NULL,
  `zone_key` varchar(36) NOT NULL,
  `name` varchar(64) NOT NULL,
  `master_config_id` varchar(36) NOT NULL,
  `control` varchar(1) NOT NULL,
  `status` varchar(1) NOT NULL,
  `inimaster` varchar(512) NOT NULL,
  `inifile` varchar(512) NOT NULL,
  `http_listener_port` varchar(5) NOT NULL,
  `xmlrpc_port` varchar(5) NOT NULL,
  `estate_database` varchar(64) NOT NULL,
  `estate_datasource` varchar(255) NOT NULL,
  `estate_database_port` varchar(6) NOT NULL,
  `estate_database_user` varchar(64) NOT NULL,
  `estate_database_password` varchar(64) NOT NULL,
  `login_disable` tinyint(1) NOT NULL,
  PRIMARY KEY (`zone_key`),
  KEY `grid_space_zone_27f00f5d` (`host_id`),
  KEY `grid_space_zone_3d300395` (`master_config_id`)
) ENGINE=InnoDB DEFAULT CHARSET=utf8;

--
-- Dumping data for table `grid_space_zone`
--

INSERT INTO `grid_space_zone` (`host_id`, `zone_key`, `name`, `master_config_id`, `control`, `status`, `inimaster`, `inifile`, `http_listener_port`, `xmlrpc_port`, `estate_database`, `estate_datasource`, `estate_database_port`, `estate_database_user`, `estate_database_password`, `login_disable`) VALUES
('56131d5a-030c-4729-b04e-ba5ccc792d50', 'd3be6625-e730-42d9-8472-bb6496666b3d', 'Zone_00', 'Config_02', 'E', 'D', 'https://linkinulife.com/grid_space/main/56131d5a-030c-4729-b04e-ba5ccc792d50/Config_02', 'https://linkinulife.com/grid_space/zone/56131d5a-030c-4729-b04e-ba5ccc792d50/d3be6625-e730-42d9-8472-bb6496666b3d', '9000', '23000', 'estates', 'linkinulife.com', '3308', 'os_estates', 'ReineiKa3PaL', 1);

-- --------------------------------------------------------

--
-- Table structure for table `grid_space_zoneconfig`
--

CREATE TABLE IF NOT EXISTS `grid_space_zoneconfig` (
  `id` int(11) NOT NULL AUTO_INCREMENT,
  `zone_id` varchar(36) NOT NULL,
  `section` varchar(32) NOT NULL,
  `entry` varchar(64) NOT NULL,
  `value` varchar(255) NOT NULL,
  PRIMARY KEY (`id`),
  KEY `grid_space_zoneconfig_01ca90a3` (`zone_id`)
) ENGINE=InnoDB  DEFAULT CHARSET=utf8 AUTO_INCREMENT=31 ;

--
-- Dumping data for table `grid_space_zoneconfig`
--

INSERT INTO `grid_space_zoneconfig` (`id`, `zone_id`, `section`, `entry`, `value`) VALUES
(28, 'd3be6625-e730-42d9-8472-bb6496666b3d', 'Startup', 'regionload_webserver_url', 'https://linkinulife.com/grid_space/region/56131d5a-030c-4729-b04e-ba5ccc792d50/d3be6625-e730-42d9-8472-bb6496666b3d/regions.xml'),
(29, 'd3be6625-e730-42d9-8472-bb6496666b3d', 'Network', 'http_listener_port', '9000'),
(30, 'd3be6625-e730-42d9-8472-bb6496666b3d', 'XMLRPC', 'XmlRpcPort', '23000');

-- --------------------------------------------------------

--
-- Table structure for table `livesettings_longsetting`
--

CREATE TABLE IF NOT EXISTS `livesettings_longsetting` (
  `id` int(11) NOT NULL AUTO_INCREMENT,
  `site_id` int(11) NOT NULL,
  `group` varchar(100) NOT NULL,
  `key` varchar(100) NOT NULL,
  `value` longtext NOT NULL,
  PRIMARY KEY (`id`),
  UNIQUE KEY `site_id` (`site_id`,`group`,`key`),
  KEY `livesettings_longsetting_99732b5c` (`site_id`)
) ENGINE=InnoDB DEFAULT CHARSET=utf8 AUTO_INCREMENT=1 ;

-- --------------------------------------------------------

--
-- Table structure for table `livesettings_setting`
--

CREATE TABLE IF NOT EXISTS `livesettings_setting` (
  `id` int(11) NOT NULL AUTO_INCREMENT,
  `site_id` int(11) NOT NULL,
  `group` varchar(100) NOT NULL,
  `key` varchar(100) NOT NULL,
  `value` varchar(255) NOT NULL,
  PRIMARY KEY (`id`),
  UNIQUE KEY `site_id` (`site_id`,`group`,`key`),
  KEY `livesettings_setting_99732b5c` (`site_id`)
) ENGINE=InnoDB  DEFAULT CHARSET=utf8 AUTO_INCREMENT=5 ;

--
-- Dumping data for table `livesettings_setting`
--

INSERT INTO `livesettings_setting` (`id`, `site_id`, `group`, `key`, `value`) VALUES
(1, 1, 'Welcome', 'WELCOME_HEADING', 'LinkinuLife'),
(2, 1, 'Welcome', 'WELCOME_TITLE', 'Welcome to LinkinuLife'),
(3, 1, 'Site', 'SITE_NAME', 'LinkinuLife'),
(4, 1, 'Site', 'SITE_TITLE', 'LinkinuLife');

-- --------------------------------------------------------

--
-- Table structure for table `south_migrationhistory`
--

CREATE TABLE IF NOT EXISTS `south_migrationhistory` (
  `id` int(11) NOT NULL AUTO_INCREMENT,
  `app_name` varchar(255) NOT NULL,
  `migration` varchar(255) NOT NULL,
  `applied` datetime NOT NULL,
  PRIMARY KEY (`id`)
) ENGINE=InnoDB DEFAULT CHARSET=latin1 AUTO_INCREMENT=1 ;

--
-- Constraints for dumped tables
--

--
-- Constraints for table `grid_space_mainconfig`
--
ALTER TABLE `grid_space_mainconfig`
  ADD CONSTRAINT `version_id_refs_version_ffa5b68a` FOREIGN KEY (`version_id`) REFERENCES `grid_space_configversion` (`version`);

--
-- Constraints for table `grid_space_regionconfig`
--
ALTER TABLE `grid_space_regionconfig`
  ADD CONSTRAINT `zone_id_refs_zone_key_2bd24a05` FOREIGN KEY (`zone_id`) REFERENCES `grid_space_zone` (`zone_key`);

--
-- Constraints for table `grid_space_zone`
--
ALTER TABLE `grid_space_zone`
  ADD CONSTRAINT `host_id_refs_host_key_f0ec5192` FOREIGN KEY (`host_id`) REFERENCES `grid_space_host` (`host_key`),
  ADD CONSTRAINT `master_config_id_refs_version_2882eb3e` FOREIGN KEY (`master_config_id`) REFERENCES `grid_space_configversion` (`version`);

--
-- Constraints for table `grid_space_zoneconfig`
--
ALTER TABLE `grid_space_zoneconfig`
  ADD CONSTRAINT `zone_id_refs_zone_key_ffd5518e` FOREIGN KEY (`zone_id`) REFERENCES `grid_space_zone` (`zone_key`);

--
-- Constraints for table `livesettings_longsetting`
--
ALTER TABLE `livesettings_longsetting`
  ADD CONSTRAINT `site_id_refs_id_d400e667` FOREIGN KEY (`site_id`) REFERENCES `django_site` (`id`);

--
-- Constraints for table `livesettings_setting`
--
ALTER TABLE `livesettings_setting`
  ADD CONSTRAINT `site_id_refs_id_3dcdb41d` FOREIGN KEY (`site_id`) REFERENCES `django_site` (`id`);

/*!40101 SET CHARACTER_SET_CLIENT=@OLD_CHARACTER_SET_CLIENT */;
/*!40101 SET CHARACTER_SET_RESULTS=@OLD_CHARACTER_SET_RESULTS */;
/*!40101 SET COLLATION_CONNECTION=@OLD_COLLATION_CONNECTION */;
